sample_name,target_name,reporter,ct_mean,ct_sd,quantity_mean,quantity_sd,y_int,r_2,slope,efficiency,ct_threshold,baseline_start,baseline_end,cq_conf,plate,river,location,day,month,year,filter_method,volume_filtered_ml,sample_time,filter_time,time_from_sample_to_filter_hm,extracted_day,days_from_filter_to_extract,qpcr_day,days_from_extract_to_qpcr
LL_SFA1A,BHC,VIC,,,0,,43.465,0.993,-3.540,91.654,0.045,3,54,0.000,22Carp_01,big sioux,above,17,august,2021,field,375,08:00,12:15,04:15,2-Nov-21,78,6-Feb-22,97
LL_SFA1A,SVC,FAM,,,0,,42.710,0.993,-3.532,91.922,0.056,3,54,0.000,22Carp_01,big sioux,above,17,august,2021,field,375,08:00,12:15,04:15,2-Nov-21,78,6-Feb-22,97
LL_SFA1B,BHC,VIC,,,0,,43.465,0.993,-3.540,91.654,0.045,3,54,0.000,22Carp_01,big sioux,above,17,august,2021,lab,400,08:00,13:30,05:30,4-Nov-21,80,6-Feb-22,95
LL_SFA1B,SVC,FAM,,,0,,42.710,0.993,-3.532,91.922,0.056,3,54,0.000,22Carp_01,big sioux,above,17,august,2021,lab,400,08:00,13:30,05:30,4-Nov-21,80,6-Feb-22,95
LL_SFB1A,BHC,VIC,41.033,4.376,17.134,15.629,43.465,0.993,-3.540,91.654,0.045,3,35,0.965,22Carp_01,big sioux,below,17,august,2021,field,600,07:25,12:15,04:50,20-Oct-21,65,6-Feb-22,110
LL_SFB1A,SVC,FAM,41.177,3.427,7.824,9.628,42.710,0.993,-3.532,91.922,0.056,3,39,0.869,22Carp_01,big sioux,below,17,august,2021,field,600,07:25,12:15,04:50,20-Oct-21,65,6-Feb-22,110
LL_SFB1B,BHC,VIC,36.681,1.585,105.479,92.868,43.465,0.993,-3.540,91.654,0.045,3,34,0.920,22Carp_01,big sioux,below,17,august,2021,lab,550,07:25,14:00,06:35,20-Oct-21,65,6-Feb-22,110
LL_SFB1B,SVC,FAM,40.715,2.184,7.219,9.501,42.710,0.993,-3.532,91.922,0.056,3,37,0.916,22Carp_01,big sioux,below,17,august,2021,lab,550,07:25,14:00,06:35,20-Oct-21,65,6-Feb-22,110
LL_SFB2A,BHC,VIC,40.538,3.838,21.813,25.803,43.465,0.993,-3.540,91.654,0.045,3,36,0.886,22Carp_01,big sioux,below,17,august,2021,field,550,07:35,12:10,04:35,20-Oct-21,65,6-Feb-22,110
LL_SFB2A,SVC,FAM,46.286,1.123,0.111,0.074,42.710,0.993,-3.532,91.922,0.056,3,36,0.287,22Carp_01,big sioux,below,17,august,2021,field,550,07:35,12:10,04:35,20-Oct-21,65,6-Feb-22,110
LL_SFB2B,BHC,VIC,45.342,0.890,0.332,0.208,43.465,0.993,-3.540,91.654,0.045,3,38,0.697,22Carp_01,big sioux,below,17,august,2021,lab,425,07:35,13:55,06:20,20-Oct-21,65,6-Feb-22,110
LL_SFB2B,SVC,FAM,42.805,3.321,3.281,4.256,42.710,0.993,-3.532,91.922,0.056,3,37,0.619,22Carp_01,big sioux,below,17,august,2021,lab,425,07:35,13:55,06:20,20-Oct-21,65,6-Feb-22,110
LL_SFB3A,BHC,VIC,37.072,0.156,64.145,6.488,43.465,0.993,-3.540,91.654,0.045,3,33,0.832,22Carp_01,big sioux,below,17,august,2021,field,400,07:45,12:05,04:20,20-Oct-21,65,6-Feb-22,110
LL_SFB3A,SVC,FAM,,,0.000,,42.710,0.993,-3.532,91.922,0.056,3,54,0.000,22Carp_01,big sioux,below,17,august,2021,field,400,07:45,12:05,04:20,20-Oct-21,65,6-Feb-22,110
LL_SFB3B,BHC,VIC,47.755,1.862,0.085,0.084,43.465,0.993,-3.540,91.654,0.045,3,43,0.694,22Carp_01,big sioux,below,17,august,2021,lab,425,07:45,13:45,06:00,20-Oct-21,65,6-Feb-22,110
LL_SFB3B,SVC,FAM,47.894,1.579,0.044,0.038,42.710,0.993,-3.532,91.922,0.056,3,43,0.776,22Carp_01,big sioux,below,17,august,2021,lab,425,07:45,13:45,06:00,20-Oct-21,65,6-Feb-22,110
LL_ASW1B,BHC,VIC,,,0.000,,43.465,0.993,-3.540,91.654,0.060,3,54,0.000,22Carp_02,vermillion,above,5,august,2021,lab,300,08:20,14:10,05:50,1-Sep-21,28,8-Feb-22,161
LL_ASW1B,SVC,FAM,,,0.000,,42.710,0.993,-3.532,91.922,0.097,3,54,0.000,22Carp_02,vermillion,above,5,august,2021,lab,300,08:20,14:10,05:50,1-Sep-21,28,8-Feb-22,161
LL_ASW2B,BHC,VIC,,,0.000,,43.465,0.993,-3.540,91.654,0.060,3,54,0.000,22Carp_02,vermillion,above,5,august,2021,lab,300,08:40,14:05,05:25,1-Sep-21,28,8-Feb-22,161
LL_ASW2B,SVC,FAM,,,0.000,,42.710,0.993,-3.532,91.922,0.097,3,54,0.000,22Carp_02,vermillion,above,5,august,2021,lab,300,08:40,14:05,05:25,1-Sep-21,28,8-Feb-22,161
LL_ASW3B,BHC,VIC,,,0.000,,43.465,0.993,-3.540,91.654,0.060,3,54,0.000,22Carp_02,vermillion,above,5,august,2021,lab,300,08:50,14:00,05:10,1-Sep-21,28,8-Feb-22,161
LL_ASW3B,SVC,FAM,,,0.000,,42.710,0.993,-3.532,91.922,0.097,3,54,0.000,22Carp_02,vermillion,above,5,august,2021,lab,300,08:50,14:00,05:10,1-Sep-21,28,8-Feb-22,161
LL_ASW4B,BHC,VIC,,,0.000,,43.465,0.993,-3.540,91.654,0.060,3,54,0.000,22Carp_02,vermillion,above,5,august,2021,lab,300,09:10,13:50,04:40,1-Sep-21,28,8-Feb-22,161
LL_ASW4B,SVC,FAM,,,0.000,,42.710,0.993,-3.532,91.922,0.097,3,54,0.000,22Carp_02,vermillion,above,5,august,2021,lab,300,09:10,13:50,04:40,1-Sep-21,28,8-Feb-22,161
LL_ASW5B,BHC,VIC,,,0.000,,43.465,0.993,-3.540,91.654,0.060,3,54,0.000,22Carp_02,vermillion,above,5,august,2021,lab,300,09:25,13:45,04:20,1-Sep-21,28,8-Feb-22,161
LL_ASW5B,SVC,FAM,,,0.000,,42.710,0.993,-3.532,91.922,0.097,3,50,0.000,22Carp_02,vermillion,above,5,august,2021,lab,300,09:25,13:45,04:20,1-Sep-21,28,8-Feb-22,161
LL_ASW6B,BHC,VIC,,,0.000,,43.465,0.993,-3.540,91.654,0.060,3,54,0.000,22Carp_02,vermillion,above,5,august,2021,lab,300,09:40,13:40,04:00,1-Sep-21,28,8-Feb-22,161
LL_ASW6B,SVC,FAM,,,0.000,,42.710,0.993,-3.532,91.922,0.097,3,54,0.000,22Carp_02,vermillion,above,5,august,2021,lab,300,09:40,13:40,04:00,1-Sep-21,28,8-Feb-22,161
LL_ASW7B,BHC,VIC,,,0.000,,43.465,0.993,-3.540,91.654,0.060,3,54,0.000,22Carp_02,vermillion,above,5,august,2021,lab,300,10:00,13:35,03:35,1-Sep-21,28,8-Feb-22,161
LL_ASW7B,SVC,FAM,,,0.000,,42.710,0.993,-3.532,91.922,0.097,3,54,0.000,22Carp_02,vermillion,above,5,august,2021,lab,300,10:00,13:35,03:35,1-Sep-21,28,8-Feb-22,161
LL_BSW1B,BHC,VIC,31.246,0.149,"2,842.178",267.615,43.465,0.993,-3.540,91.654,0.060,3,27,0.773,22Carp_02,vermillion,below,5,august,2021,lab,300,08:00,14:30,06:30,1-Sep-21,28,8-Feb-22,161
LL_BSW1B,SVC,FAM,53.781,1.013,0.001,0.001,42.710,0.993,-3.532,91.922,0.097,3,39,0.100,22Carp_02,vermillion,below,5,august,2021,lab,300,08:00,14:30,06:30,1-Sep-21,28,8-Feb-22,161
LL_BSW2B,BHC,VIC,35.469,0.419,186.578,49.634,43.465,0.993,-3.540,91.654,0.060,3,31,0.798,22Carp_02,vermillion,below,5,august,2021,lab,300,08:10,14:25,06:15,1-Sep-21,28,8-Feb-22,161
LL_BSW2B,SVC,FAM,46.764,,0.071,,42.710,0.993,-3.532,91.922,0.097,3,39,0.862,22Carp_02,vermillion,below,5,august,2021,lab,300,08:10,14:25,06:15,1-Sep-21,28,8-Feb-22,161
LL_ASW1C,BHC,VIC,,,0.000,,43.465,0.993,-3.540,91.654,0.080,3,54,0.000,22Carp_03,vermillion,above,22,september,2021,field,350,08:10,10:25,02:15,18-Nov-21,58,9-Feb-22,84
LL_ASW1C,SVC,FAM,,,0.000,,42.710,0.993,-3.532,91.922,0.131,3,54,0.000,22Carp_03,vermillion,above,22,september,2021,field,350,08:10,10:25,02:15,18-Nov-21,58,9-Feb-22,84
LL_ASW2C,BHC,VIC,,,0.000,,43.465,0.993,-3.540,91.654,0.080,3,54,0.000,22Carp_03,vermillion,above,22,september,2021,field,350,08:25,10:20,01:55,18-Nov-21,58,9-Feb-22,84
LL_ASW2C,SVC,FAM,,,0.000,,42.710,0.993,-3.532,91.922,0.131,3,54,0.000,22Carp_03,vermillion,above,22,september,2021,field,350,08:25,10:20,01:55,18-Nov-21,58,9-Feb-22,84
LL_BSW1C,BHC,VIC,39.489,1.392,17.511,13.080,43.465,0.993,-3.540,91.654,0.080,3,36,0.982,22Carp_03,vermillion,below,22,september,2021,field,1150,07:50,10:45,02:55,4-Nov-21,44,9-Feb-22,98
LL_BSW1C,SVC,FAM,,,0.000,,42.710,0.993,-3.532,91.922,0.131,3,54,0.000,22Carp_03,vermillion,below,22,september,2021,field,1150,07:50,10:45,02:55,4-Nov-21,44,9-Feb-22,98
LL_BSW2C,BHC,VIC,,,0.000,,43.465,0.993,-3.540,91.654,0.080,3,54,0.000,22Carp_03,vermillion,below,22,september,2021,field,400,08:00,10:40,02:40,4-Nov-21,44,9-Feb-22,98
LL_BSW2C,SVC,FAM,,,0,,42.710,0.993,-3.532,91.922,0.131,3,54,0.000,22Carp_03,vermillion,below,22,september,2021,field,400,08:00,10:40,02:40,4-Nov-21,44,9-Feb-22,98
LL_SFA2A,BHC,VIC,,,0,,43.465,0.993,-3.540,91.654,0.080,3,54,0.000,22Carp_03,big sioux,above,17,august,2021,field,350,08:15,11:45,03:30,2-Nov-21,78,9-Feb-22,100
LL_SFA2A,SVC,FAM,,,0,,42.710,0.993,-3.532,91.922,0.131,3,54,0.000,22Carp_03,big sioux,above,17,august,2021,field,350,08:15,11:45,03:30,2-Nov-21,78,9-Feb-22,100
LL_SFA3A,BHC,VIC,,,0,,43.465,0.993,-3.540,91.654,0.080,3,54,0.000,22Carp_03,big sioux,above,17,august,2021,field,425,08:45,11:35,02:50,2-Nov-21,78,9-Feb-22,100
LL_SFA3A,SVC,FAM,,,0,,42.710,0.993,-3.532,91.922,0.131,3,54,0.000,22Carp_03,big sioux,above,17,august,2021,field,425,08:45,11:35,02:50,2-Nov-21,78,9-Feb-22,100
LL_SFA4A,BHC,VIC,,,0,,43.465,0.993,-3.540,91.654,0.080,3,54,0.000,22Carp_03,big sioux,above,17,august,2021,field,275,09:00,11:30,02:30,2-Nov-21,78,9-Feb-22,100
LL_SFA4A,SVC,FAM,,,0,,42.710,0.993,-3.532,91.922,0.131,3,42,0.000,22Carp_03,big sioux,above,17,august,2021,field,275,09:00,11:30,02:30,2-Nov-21,78,9-Feb-22,100
LL_SFA5A,BHC,VIC,,,0,,43.465,0.993,-3.540,91.654,0.080,3,54,0.000,22Carp_03,big sioux,above,17,august,2021,field,160,09:10,11:25,02:15,2-Nov-21,78,9-Feb-22,100
LL_SFA5A,SVC,FAM,,,0,,42.710,0.993,-3.532,91.922,0.131,3,54,0.000,22Carp_03,big sioux,above,17,august,2021,field,160,09:10,11:25,02:15,2-Nov-21,78,9-Feb-22,100
LL_SFA6A,BHC,VIC,,,0,,43.465,0.993,-3.540,91.654,0.080,3,54,0.000,22Carp_03,big sioux,above,17,august,2021,field,100,09:35,11:20,01:45,2-Nov-21,78,9-Feb-22,100
LL_SFA6A,SVC,FAM,,,0,,42.710,0.993,-3.532,91.922,0.131,3,54,0.000,22Carp_03,big sioux,above,17,august,2021,field,100,09:35,11:20,01:45,2-Nov-21,78,9-Feb-22,100
LL_ASW3C,BHC,VIC,,,0,,43.465,0.993,-3.540,91.654,0.084,3,54,0.000,22Carp_04,vermillion,above,22,september,2021,field,800,08:40,10:15,01:35,18-Nov-21,58,10-Feb-22,85
LL_ASW3C,SVC,FAM,,,0,,42.710,0.993,-3.532,91.922,0.102,3,54,0.000,22Carp_04,vermillion,above,22,september,2021,field,800,08:40,10:15,01:35,18-Nov-21,58,10-Feb-22,85
LL_ASW4C,BHC,VIC,,,0,,43.465,0.993,-3.540,91.654,0.084,3,54,0.000,22Carp_04,vermillion,above,22,september,2021,field,800,09:00,10:10,01:10,18-Nov-21,58,10-Feb-22,85
LL_ASW4C,SVC,FAM,,,0,,42.710,0.993,-3.532,91.922,0.102,3,54,0.000,22Carp_04,vermillion,above,22,september,2021,field,800,09:00,10:10,01:10,18-Nov-21,58,10-Feb-22,85
LL_ASW5C,BHC,VIC,,,0,,43.465,0.993,-3.540,91.654,0.084,3,54,0.000,22Carp_04,vermillion,above,22,september,2021,field,250,09:10,10:00,00:50,18-Nov-21,58,10-Feb-22,85
LL_ASW5C,SVC,FAM,,,0,,42.710,0.993,-3.532,91.922,0.102,3,54,0.000,22Carp_04,vermillion,above,22,september,2021,field,250,09:10,10:00,00:50,18-Nov-21,58,10-Feb-22,85
LL_ASW6C,BHC,VIC,,,0,,43.465,0.993,-3.540,91.654,0.084,3,54,0.000,22Carp_04,vermillion,above,22,september,2021,field,350,09:20,09:55,00:35,18-Nov-21,58,10-Feb-22,85
LL_ASW6C,SVC,FAM,,,0,,42.710,0.993,-3.532,91.922,0.102,3,54,0.000,22Carp_04,vermillion,above,22,september,2021,field,350,09:20,09:55,00:35,18-Nov-21,58,10-Feb-22,85
LL_ASW7C,BHC,VIC,,,0,,43.465,0.993,-3.540,91.654,0.084,3,54,0.000,22Carp_04,vermillion,above,22,september,2021,field,250,09:35,09:50,00:15,18-Nov-21,58,10-Feb-22,85
LL_ASW7C,SVC,FAM,,,0,,42.710,0.993,-3.532,91.922,0.102,3,54,0.000,22Carp_04,vermillion,above,22,september,2021,field,250,09:35,09:50,00:15,18-Nov-21,58,10-Feb-22,85
LL_BSW1A,BHC,VIC,32.404,0.174,"1,339.455",154.338,43.465,0.993,-3.540,91.654,0.084,3,28,0.729,22Carp_04,vermillion,below,5,august,2021,field,300,08:00,11:30,03:30,1-Sep-21,28,10-Feb-22,163
LL_BSW1A,SVC,FAM,,,0,,42.710,0.993,-3.532,91.922,0.102,3,54,0.000,22Carp_04,vermillion,below,5,august,2021,field,300,08:00,11:30,03:30,1-Sep-21,28,10-Feb-22,163
LL_SFB1C,BHC,VIC,41.687,1.500,3.968,3.355,43.465,0.993,-3.540,91.654,0.084,3,36,0.983,22Carp_04,big sioux,below,24,september,2021,field,400,07:30,12:15,04:45,8-Nov-21,46,10-Feb-22,95
LL_SFB1C,SVC,FAM,,,0,,42.710,0.993,-3.532,91.922,0.102,3,54,0.000,22Carp_04,big sioux,below,24,september,2021,field,400,07:30,12:15,04:45,8-Nov-21,46,10-Feb-22,95
LL_SFB2C,BHC,VIC,42.209,1.157,2.719,1.954,43.465,0.993,-3.540,91.654,0.084,3,36,0.974,22Carp_04,big sioux,below,24,september,2021,field,400,07:40,12:10,04:30,8-Nov-21,46,10-Feb-22,95
LL_SFB2C,SVC,FAM,,,0,,42.710,0.993,-3.532,91.922,0.102,3,54,0.000,22Carp_04,big sioux,below,24,september,2021,field,400,07:40,12:10,04:30,8-Nov-21,46,10-Feb-22,95
LL_SFB3C,BHC,VIC,,,0,,43.465,0.993,-3.540,91.654,0.084,3,54,0.000,22Carp_04,big sioux,below,24,september,2021,field,400,07:40,12:05,04:25,8-Nov-21,46,10-Feb-22,95
LL_SFB3C,SVC,FAM,,,0,,42.710,0.993,-3.532,91.922,0.102,3,54,0.000,22Carp_04,big sioux,below,24,september,2021,field,400,07:40,12:05,04:25,8-Nov-21,46,10-Feb-22,95
LL_ASW1E,BHC,VIC,,,0,,43.465,0.993,-3.540,91.654,0.084,3,54,0.000,22Carp_05,vermillion,above,28,october,2021,field,100,08:30,11:00,02:30,1-Dec-21,35,21-Feb-22,83
LL_ASW1E,SVC,FAM,,,0,,42.710,0.993,-3.532,91.922,0.097,3,54,0.000,22Carp_05,vermillion,above,28,october,2021,field,100,08:30,11:00,02:30,1-Dec-21,35,21-Feb-22,83
LL_ASW2E,BHC,VIC,,,0,,43.465,0.993,-3.540,91.654,0.084,3,54,0.000,22Carp_05,vermillion,above,28,october,2021,field,950,08:50,10:55,02:05,1-Dec-21,35,21-Feb-22,83
LL_ASW2E,SVC,FAM,,,0,,42.710,0.993,-3.532,91.922,0.097,3,54,0.000,22Carp_05,vermillion,above,28,october,2021,field,950,08:50,10:55,02:05,1-Dec-21,35,21-Feb-22,83
LL_BSW2A,BHC,VIC,37.818,0.755,42.907,19.641,43.465,0.993,-3.540,91.654,0.084,3,33,0.912,22Carp_05,vermillion,below,5,august,2021,field,300,08:10,11:25,03:15,1-Sep-21,35,21-Feb-22,174
LL_BSW2A,SVC,FAM,,,0,,42.710,0.993,-3.532,91.922,0.097,3,54,0.000,22Carp_05,vermillion,below,5,august,2021,field,300,08:10,11:25,03:15,1-Sep-21,35,21-Feb-22,174
LL_SFA1C,BHC,VIC,,,0,,43.465,0.993,-3.540,91.654,0.084,3,54,0.000,22Carp_05,big sioux,above,24,september,2021,field,350,08:15,11:50,03:35,18-Nov-21,56,21-Feb-22,96
LL_SFA1C,SVC,FAM,,,0,,42.710,0.993,-3.532,91.922,0.097,3,54,0.000,22Carp_05,big sioux,above,24,september,2021,field,350,08:15,11:50,03:35,18-Nov-21,56,21-Feb-22,96
LL_SFA2C,BHC,VIC,,,0,,43.465,0.993,-3.540,91.654,0.084,3,54,0.000,22Carp_05,big sioux,above,24,september,2021,field,350,08:30,11:45,03:15,18-Nov-21,56,21-Feb-22,96
LL_SFA2C,SVC,FAM,,,0,,42.710,0.993,-3.532,91.922,0.097,3,54,0.000,22Carp_05,big sioux,above,24,september,2021,field,350,08:30,11:45,03:15,18-Nov-21,56,21-Feb-22,96
LL_SFA3C,BHC,VIC,,,0,,43.465,0.993,-3.540,91.654,0.084,3,54,0.000,22Carp_05,big sioux,above,24,september,2021,field,350,08:50,11:35,02:45,18-Nov-21,56,21-Feb-22,96
LL_SFA3C,SVC,FAM,,,0,,42.710,0.993,-3.532,91.922,0.097,3,54,0.000,22Carp_05,big sioux,above,24,september,2021,field,350,08:50,11:35,02:45,18-Nov-21,56,21-Feb-22,96
LL_SFA4C,BHC,VIC,,,0,,43.465,0.993,-3.540,91.654,0.084,3,54,0.000,22Carp_05,big sioux,above,24,september,2021,field,450,09:05,11:30,02:25,18-Nov-21,56,21-Feb-22,96
LL_SFA4C,SVC,FAM,,,0,,42.710,0.993,-3.532,91.922,0.097,3,54,0.000,22Carp_05,big sioux,above,24,september,2021,field,450,09:05,11:30,02:25,18-Nov-21,56,21-Feb-22,96
LL_SFA5C,BHC,VIC,,,0,,43.465,0.993,-3.540,91.654,0.084,3,54,0.000,22Carp_05,big sioux,above,24,september,2021,field,250,09:15,11:25,02:10,18-Nov-21,56,21-Feb-22,96
LL_SFA5C,SVC,FAM,,,0,,42.710,0.993,-3.532,91.922,0.097,3,54,0.000,22Carp_05,big sioux,above,24,september,2021,field,250,09:15,11:25,02:10,18-Nov-21,56,21-Feb-22,96
LL_SFA6C,BHC,VIC,,,0,,43.465,0.993,-3.540,91.654,0.084,3,54,0.000,22Carp_05,big sioux,above,24,september,2021,field,200,09:40,11:20,01:40,18-Nov-21,56,21-Feb-22,96
LL_SFA6C,SVC,FAM,,,0,,42.710,0.993,-3.532,91.922,0.097,3,54,0.000,22Carp_05,big sioux,above,24,september,2021,field,200,09:40,11:20,01:40,18-Nov-21,56,21-Feb-22,96
LL_ASW1D,BHC,VIC,,,0,,43.465,0.993,-3.540,91.654,0.080,3,54,0.000,22Carp_06,vermillion,above,22,september,2021,lab,300,08:10,13:55,05:45,19-Nov-21,59,22-Feb-22,96
LL_ASW1D,SVC,FAM,,,0,,42.710,0.993,-3.532,91.922,0.144,3,54,0.000,22Carp_06,vermillion,above,22,september,2021,lab,300,08:10,13:55,05:45,19-Nov-21,59,22-Feb-22,96
LL_ASW2D,BHC,VIC,,,0,,43.465,0.993,-3.540,91.654,0.080,3,54,0.000,22Carp_06,vermillion,above,22,september,2021,lab,350,08:25,13:50,05:25,19-Nov-21,59,22-Feb-22,96
LL_ASW2D,SVC,FAM,,,0,,42.710,0.993,-3.532,91.922,0.144,3,54,0.000,22Carp_06,vermillion,above,22,september,2021,lab,350,08:25,13:50,05:25,19-Nov-21,59,22-Feb-22,96
LL_ASW3D,BHC,VIC,,,0,,43.465,0.993,-3.540,91.654,0.080,3,54,0.000,22Carp_06,vermillion,above,22,september,2021,lab,800,08:40,13:45,05:05,19-Nov-21,59,22-Feb-22,96
LL_ASW3D,SVC,FAM,,,0,,42.710,0.993,-3.532,91.922,0.144,3,54,0.000,22Carp_06,vermillion,above,22,september,2021,lab,800,08:40,13:45,05:05,19-Nov-21,59,22-Feb-22,96
LL_ASW4D,BHC,VIC,,,0,,43.465,0.993,-3.540,91.654,0.080,3,54,0.000,22Carp_06,vermillion,above,22,september,2021,lab,600,09:00,13:40,04:40,19-Nov-21,59,22-Feb-22,96
LL_ASW4D,SVC,FAM,,,0,,42.710,0.993,-3.532,91.922,0.144,3,54,0.000,22Carp_06,vermillion,above,22,september,2021,lab,600,09:00,13:40,04:40,19-Nov-21,59,22-Feb-22,96
LL_ASW5D,BHC,VIC,,,0,,43.465,0.993,-3.540,91.654,0.080,3,54,0.000,22Carp_06,vermillion,above,22,september,2021,lab,150,09:10,13:30,04:20,19-Nov-21,59,22-Feb-22,96
LL_ASW5D,SVC,FAM,,,0,,42.710,0.993,-3.532,91.922,0.144,3,54,0.000,22Carp_06,vermillion,above,22,september,2021,lab,150,09:10,13:30,04:20,19-Nov-21,59,22-Feb-22,96
LL_ASW6D,BHC,VIC,,,0,,43.465,0.993,-3.540,91.654,0.080,3,54,0.000,22Carp_06,vermillion,above,22,september,2021,lab,300,09:20,13:25,04:05,19-Nov-21,59,22-Feb-22,96
LL_ASW6D,SVC,FAM,,,0,,42.710,0.993,-3.532,91.922,0.144,3,54,0.000,22Carp_06,vermillion,above,22,september,2021,lab,300,09:20,13:25,04:05,19-Nov-21,59,22-Feb-22,96
LL_ASW7D,BHC,VIC,,,0,,43.465,0.993,-3.540,91.654,0.080,3,54,0.000,22Carp_06,vermillion,above,22,september,2021,lab,350,09:35,13:20,03:45,19-Nov-21,59,22-Feb-22,96
LL_ASW7D,SVC,FAM,,,0,,42.710,0.993,-3.532,91.922,0.144,3,54,0.000,22Carp_06,vermillion,above,22,september,2021,lab,350,09:35,13:20,03:45,19-Nov-21,59,22-Feb-22,96
LL_BSW1D,BHC,VIC,40.227,1.442,10.097,8.291,43.465,0.993,-3.540,91.654,0.080,3,35,0.972,22Carp_06,vermillion,below,22,september,2021,lab,650,07:50,14:15,06:25,4-Nov-21,44,22-Feb-22,111
LL_BSW1D,SVC,FAM,,,0,,42.710,0.993,-3.532,91.922,0.144,3,54,0.000,22Carp_06,vermillion,below,22,september,2021,lab,650,07:50,14:15,06:25,4-Nov-21,44,22-Feb-22,111
LL_BSW2D,BHC,VIC,,,0,,43.465,0.993,-3.540,91.654,0.080,3,54,0.000,22Carp_06,vermillion,below,22,september,2021,lab,150,08:00,14:10,06:10,4-Nov-21,44,22-Feb-22,111
LL_BSW2D,SVC,FAM,,,0,,42.710,0.993,-3.532,91.922,0.144,3,54,0.000,22Carp_06,vermillion,below,22,september,2021,lab,150,08:00,14:10,06:10,4-Nov-21,44,22-Feb-22,111
LL_ASW3E,BHC,VIC,,,0,,43.465,0.993,-3.540,91.654,0.077,3,54,0.000,22Carp_07,vermillion,above,28,october,2021,field,350,09:00,10:50,01:50,1-Dec-21,35,23-Mar-22,113
LL_ASW3E,SVC,FAM,,,0,,42.710,0.993,-3.532,91.922,0.127,3,54,0.000,22Carp_07,vermillion,above,28,october,2021,field,350,09:00,10:50,01:50,1-Dec-21,35,23-Mar-22,113
LL_ASW4E,BHC,VIC,,,0,,43.465,0.993,-3.540,91.654,0.077,3,54,0.000,22Carp_07,vermillion,above,28,october,2021,field,300,09:20,10:40,01:20,1-Dec-21,35,23-Mar-22,113
LL_ASW4E,SVC,FAM,,,0,,42.710,0.993,-3.532,91.922,0.127,3,54,0.000,22Carp_07,vermillion,above,28,october,2021,field,300,09:20,10:40,01:20,1-Dec-21,35,23-Mar-22,113
LL_ASW5E,BHC,VIC,,,0,,43.465,0.993,-3.540,91.654,0.077,3,54,0.000,22Carp_07,vermillion,above,28,october,2021,field,200,09:40,10:35,00:55,1-Dec-21,35,23-Mar-22,113
LL_ASW5E,SVC,FAM,,,0,,42.710,0.993,-3.532,91.922,0.127,3,54,0.000,22Carp_07,vermillion,above,28,october,2021,field,200,09:40,10:35,00:55,1-Dec-21,35,23-Mar-22,113
LL_ASW6E,BHC,VIC,,,0,,43.465,0.993,-3.540,91.654,0.077,3,54,0.000,22Carp_07,vermillion,above,28,october,2021,field,300,09:55,10:30,00:35,1-Dec-21,35,23-Mar-22,113
LL_ASW6E,SVC,FAM,,,0,,42.710,0.993,-3.532,91.922,0.127,3,54,0.000,22Carp_07,vermillion,above,28,october,2021,field,300,09:55,10:30,00:35,1-Dec-21,35,23-Mar-22,113
LL_ASW7E,BHC,VIC,,,0,,43.465,0.993,-3.540,91.654,0.077,3,54,0.000,22Carp_07,vermillion,above,28,october,2021,field,350,10:10,10:20,00:10,1-Dec-21,35,23-Mar-22,113
LL_ASW7E,SVC,FAM,,,0,,42.710,0.993,-3.532,91.922,0.127,3,54,0.000,22Carp_07,vermillion,above,28,october,2021,field,350,10:10,10:20,00:10,1-Dec-21,35,23-Mar-22,113
LL_SFA1E,BHC,VIC,,,0,,43.465,0.993,-3.540,91.654,0.077,3,54,0.000,22Carp_07,big sioux,above,29,october,2021,field,300,08:20,10:30,02:10,22-Dec-21,55,23-Mar-22,92
LL_SFA1E,SVC,FAM,,,0,,42.710,0.993,-3.532,91.922,0.127,3,54,0.000,22Carp_07,big sioux,above,29,october,2021,field,300,08:20,10:30,02:10,22-Dec-21,55,23-Mar-22,92
LL_SFA2E,BHC,VIC,,,0,,43.465,0.993,-3.540,91.654,0.077,3,54,0.000,22Carp_07,big sioux,above,29,october,2021,field,300,08:30,10:25,01:55,22-Dec-21,55,23-Mar-22,92
LL_SFA2E,SVC,FAM,,,0,,42.710,0.993,-3.532,91.922,0.127,3,54,0.000,22Carp_07,big sioux,above,29,october,2021,field,300,08:30,10:25,01:55,22-Dec-21,55,23-Mar-22,92
LL_SFA3E,BHC,VIC,,,0,,43.465,0.993,-3.540,91.654,0.077,3,54,0.000,22Carp_07,big sioux,above,29,october,2021,field,300,08:55,10:20,01:25,22-Dec-21,55,23-Mar-22,92
LL_SFA3E,SVC,FAM,,,0,,42.710,0.993,-3.532,91.922,0.127,3,54,0.000,22Carp_07,big sioux,above,29,october,2021,field,300,08:55,10:20,01:25,22-Dec-21,55,23-Mar-22,92
LL_SFA4E,BHC,VIC,,,0,,43.465,0.993,-3.540,91.654,0.077,3,54,0.000,22Carp_07,big sioux,above,29,october,2021,field,200,09:15,10:15,01:00,22-Dec-21,55,23-Mar-22,92
LL_SFA4E,SVC,FAM,,,0,,42.710,0.993,-3.532,91.922,0.127,3,54,0.000,22Carp_07,big sioux,above,29,october,2021,field,200,09:15,10:15,01:00,22-Dec-21,55,23-Mar-22,92
LL_SFA2B,BHC,VIC,,,0,,43.465,0.993,-3.540,91.654,0.101,3,54,0.000,22Carp_08,big sioux,above,17,august,2021,lab,375,08:15,13:20,05:05,4-Nov-21,80,2-Apr-22,150
LL_SFA2B,SVC,FAM,,,0,,42.710,0.993,-3.532,91.922,0.177,3,54,0.000,22Carp_08,big sioux,above,17,august,2021,lab,375,08:15,13:20,05:05,4-Nov-21,80,2-Apr-22,150
LL_SFA3B,BHC,VIC,,,0,,43.465,0.993,-3.540,91.654,0.101,3,54,0.000,22Carp_08,big sioux,above,17,august,2021,lab,350,08:45,13:15,04:30,4-Nov-21,80,2-Apr-22,150
LL_SFA3B,SVC,FAM,,,0,,42.710,0.993,-3.532,91.922,0.177,3,54,0.000,22Carp_08,big sioux,above,17,august,2021,lab,350,08:45,13:15,04:30,4-Nov-21,80,2-Apr-22,150
LL_SFA4B,BHC,VIC,,,0,,43.465,0.993,-3.540,91.654,0.101,3,54,0.000,22Carp_08,big sioux,above,17,august,2021,lab,175,09:00,13:10,04:10,4-Nov-21,80,2-Apr-22,150
LL_SFA4B,SVC,FAM,,,0,,42.710,0.993,-3.532,91.922,0.177,3,54,0.000,22Carp_08,big sioux,above,17,august,2021,lab,175,09:00,13:10,04:10,4-Nov-21,80,2-Apr-22,150
LL_SFA5B,BHC,VIC,,,0,,43.465,0.993,-3.540,91.654,0.101,3,54,0.000,22Carp_08,big sioux,above,17,august,2021,lab,200,09:10,13:00,03:50,4-Nov-21,80,2-Apr-22,150
LL_SFA5B,SVC,FAM,,,0,,42.710,0.993,-3.532,91.922,0.177,3,54,0.000,22Carp_08,big sioux,above,17,august,2021,lab,200,09:10,13:00,03:50,4-Nov-21,80,2-Apr-22,150
LL_SFA5E,BHC,VIC,,,0,,43.465,0.993,-3.540,91.654,0.101,3,54,0.000,22Carp_08,big sioux,above,29,october,2021,field,300,09:20,10:10,00:50,22-Dec-21,55,2-Apr-22,102
LL_SFA5E,SVC,FAM,,,0,,42.710,0.993,-3.532,91.922,0.177,3,54,0.000,22Carp_08,big sioux,above,29,october,2021,field,300,09:20,10:10,00:50,22-Dec-21,55,2-Apr-22,102
LL_SFA6E,BHC,VIC,,,0,,43.465,0.993,-3.540,91.654,0.101,3,54,0.000,22Carp_08,big sioux,above,29,october,2021,field,250,09:55,10:05,00:10,22-Dec-21,55,2-Apr-22,102
LL_SFA6E,SVC,FAM,,,0,,42.710,0.993,-3.532,91.922,0.177,3,54,0.000,22Carp_08,big sioux,above,29,october,2021,field,250,09:55,10:05,00:10,22-Dec-21,55,2-Apr-22,102
LL_SFA1D,BHC,VIC,,,0,,43.465,0.993,-3.540,91.654,0.101,3,54,0.000,22Carp_09,big sioux,above,24,september,2021,lab,200,08:15,13:30,05:15,19-Nov-21,57,2-Apr-22,102
LL_SFA1D,SVC,FAM,,,0,,42.710,0.993,-3.532,91.922,0.174,3,54,0.000,22Carp_09,big sioux,above,24,september,2021,lab,200,08:15,13:30,05:15,19-Nov-21,57,2-Apr-22,102
LL_SFA2D,BHC,VIC,,,0,,43.465,0.993,-3.540,91.654,0.101,3,54,0.000,22Carp_09,big sioux,above,24,september,2021,lab,350,08:30,13:20,04:50,19-Nov-21,57,2-Apr-22,102
LL_SFA2D,SVC,FAM,,,0,,42.710,0.993,-3.532,91.922,0.174,3,54,0.000,22Carp_09,big sioux,above,24,september,2021,lab,350,08:30,13:20,04:50,19-Nov-21,57,2-Apr-22,102
LL_SFA6B,BHC,VIC,,,0,,43.465,0.993,-3.540,91.654,0.101,3,54,0.000,22Carp_09,big sioux,above,17,august,2021,lab,250,09:35,12:50,03:15,4-Nov-21,80,2-Apr-22,150
LL_SFA6B,SVC,FAM,,,0,,42.710,0.993,-3.532,91.922,0.174,3,54,0.000,22Carp_09,big sioux,above,17,august,2021,lab,250,09:35,12:50,03:15,4-Nov-21,80,2-Apr-22,150
LL_SFB1D,BHC,VIC,46.933,10.126,5.519,7.804,43.465,0.993,-3.540,91.654,0.101,3,41,0.000,22Carp_09,big sioux,below,24,september,2021,lab,450,07:30,14:00,06:30,8-Nov-21,46,2-Apr-22,146
LL_SFB1D,SVC,FAM,52.685,,0.001,,42.710,0.993,-3.532,91.922,0.174,3,46,0.676,22Carp_09,big sioux,below,24,september,2021,lab,450,07:30,14:00,06:30,8-Nov-21,46,2-Apr-22,146
LL_SFB2D,BHC,VIC,51.764,1.254,0.006,0.004,43.465,0.993,-3.540,91.654,0.101,3,42,0.133,22Carp_09,big sioux,below,24,september,2021,lab,300,07:40,13:55,06:15,8-Nov-21,46,2-Apr-22,146
LL_SFB2D,SVC,FAM,52.346,,0.002,,42.710,0.993,-3.532,91.922,0.174,3,40,0.255,22Carp_09,big sioux,below,24,september,2021,lab,300,07:40,13:55,06:15,8-Nov-21,46,2-Apr-22,146
LL_SFB3D,BHC,VIC,,,0,,43.465,0.993,-3.540,91.654,0.101,3,54,0.000,22Carp_09,big sioux,below,24,september,2021,lab,400,07:45,13:45,06:00,8-Nov-21,46,2-Apr-22,146
LL_SFB3D,SVC,FAM,,,0,,42.710,0.993,-3.532,91.922,0.174,3,54,0.000,22Carp_09,big sioux,below,24,september,2021,lab,400,07:45,13:45,06:00,8-Nov-21,46,2-Apr-22,146
LL_ASW1F,BHC,VIC,,,0,,43.465,0.993,-3.540,91.654,0.100,3,54,0.000,22Carp_10,vermillion,above,28,october,2021,lab,100,08:30,13:40,05:10,1-Dec-21,35,3-Apr-22,124
LL_ASW1F,SVC,FAM,,,0,,42.710,0.993,-3.532,91.922,0.177,3,54,0.000,22Carp_10,vermillion,above,28,october,2021,lab,100,08:30,13:40,05:10,1-Dec-21,35,3-Apr-22,124
LL_ASW2F,BHC,VIC,,,0,,43.465,0.993,-3.540,91.654,0.100,3,54,0.000,22Carp_10,vermillion,above,28,october,2021,lab,900,08:50,13:30,04:40,1-Dec-21,35,3-Apr-22,124
LL_ASW2F,SVC,FAM,,,0,,42.710,0.993,-3.532,91.922,0.177,3,54,0.000,22Carp_10,vermillion,above,28,october,2021,lab,900,08:50,13:30,04:40,1-Dec-21,35,3-Apr-22,124
LL_ASW3F,BHC,VIC,,,0,,43.465,0.993,-3.540,91.654,0.100,3,54,0.000,22Carp_10,vermillion,above,28,october,2021,lab,200,09:00,13:25,04:25,1-Dec-21,35,3-Apr-22,124
LL_ASW3F,SVC,FAM,,,0,,42.710,0.993,-3.532,91.922,0.177,3,54,0.000,22Carp_10,vermillion,above,28,october,2021,lab,200,09:00,13:25,04:25,1-Dec-21,35,3-Apr-22,124
LL_ASW4F,BHC,VIC,,,0,,43.465,0.993,-3.540,91.654,0.100,3,54,0.000,22Carp_10,vermillion,above,28,october,2021,lab,350,09:20,13:15,03:55,1-Dec-21,35,3-Apr-22,124
LL_ASW4F,SVC,FAM,,,0,,42.710,0.993,-3.532,91.922,0.177,3,54,0.000,22Carp_10,vermillion,above,28,october,2021,lab,350,09:20,13:15,03:55,1-Dec-21,35,3-Apr-22,124
LL_ASW5F,BHC,VIC,,,0,,43.465,0.993,-3.540,91.654,0.100,3,54,0.000,22Carp_10,vermillion,above,28,october,2021,lab,150,09:40,13:10,03:30,1-Dec-21,35,3-Apr-22,124
LL_ASW5F,SVC,FAM,,,0,,42.710,0.993,-3.532,91.922,0.177,3,54,0.000,22Carp_10,vermillion,above,28,october,2021,lab,150,09:40,13:10,03:30,1-Dec-21,35,3-Apr-22,124
LL_SFA3D,BHC,VIC,,,0,,43.465,0.993,-3.540,91.654,0.100,3,54,0.000,22Carp_10,big sioux,above,24,september,2021,lab,400,08:50,13:15,04:25,19-Nov-21,57,3-Apr-22,136
LL_SFA3D,SVC,FAM,,,0,,42.710,0.993,-3.532,91.922,0.177,3,54,0.000,22Carp_10,big sioux,above,24,september,2021,lab,400,08:50,13:15,04:25,19-Nov-21,57,3-Apr-22,136
LL_SFA4D,BHC,VIC,,,0,,43.465,0.993,-3.540,91.654,0.100,3,54,0.000,22Carp_10,big sioux,above,24,september,2021,lab,200,09:05,13:10,04:05,19-Nov-21,57,3-Apr-22,136
LL_SFA4D,SVC,FAM,,,0,,42.710,0.993,-3.532,91.922,0.177,3,54,0.000,22Carp_10,big sioux,above,24,september,2021,lab,200,09:05,13:10,04:05,19-Nov-21,57,3-Apr-22,136
LL_SFA5D,BHC,VIC,,,0,,43.465,0.993,-3.540,91.654,0.100,3,54,0.000,22Carp_10,big sioux,above,24,september,2021,lab,125,09:15,13:00,03:45,19-Nov-21,57,3-Apr-22,136
LL_SFA5D,SVC,FAM,,,0,,42.710,0.993,-3.532,91.922,0.177,3,54,0.000,22Carp_10,big sioux,above,24,september,2021,lab,125,09:15,13:00,03:45,19-Nov-21,57,3-Apr-22,136
LL_SFA6D,BHC,VIC,,,0,,43.465,0.993,-3.540,91.654,0.100,3,54,0.000,22Carp_10,big sioux,above,24,september,2021,lab,100,09:40,12:50,03:10,19-Nov-21,57,3-Apr-22,136
LL_SFA6D,SVC,FAM,,,0,,42.710,0.993,-3.532,91.922,0.177,3,54,0.000,22Carp_10,big sioux,above,24,september,2021,lab,100,09:40,12:50,03:10,19-Nov-21,57,3-Apr-22,136
LL_ASW6F,BHC,VIC,,,0,,43.465,0.993,-3.540,91.654,0.099,3,54,0.000,22Carp_11,vermillion,above,28,october,2021,lab,250,09:55,13:05,03:10,1-Dec-21,35,4-Apr-22,125
LL_ASW6F,SVC,FAM,,,0,,42.710,0.993,-3.532,91.922,0.175,3,54,0.000,22Carp_11,vermillion,above,28,october,2021,lab,250,09:55,13:05,03:10,1-Dec-21,35,4-Apr-22,125
LL_ASW7F,BHC,VIC,,,0,,43.465,0.993,-3.540,91.654,0.099,3,54,0.000,22Carp_11,vermillion,above,28,october,2021,lab,300,10:10,13:00,02:50,1-Dec-21,35,4-Apr-22,125
LL_ASW7F,SVC,FAM,,,0,,42.710,0.993,-3.532,91.922,0.175,3,54,0.000,22Carp_11,vermillion,above,28,october,2021,lab,300,10:10,13:00,02:50,1-Dec-21,35,4-Apr-22,125
LL_SFA1F,BHC,VIC,,,0,,43.465,0.993,-3.540,91.654,0.099,3,54,0.000,22Carp_11,big sioux,above,29,october,2021,lab,300,08:20,13:00,04:40,22-Dec-21,55,4-Apr-22,104
LL_SFA1F,SVC,FAM,,,0,,42.710,0.993,-3.532,91.922,0.175,3,54,0.000,22Carp_11,big sioux,above,29,october,2021,lab,300,08:20,13:00,04:40,22-Dec-21,55,4-Apr-22,104
LL_SFA2F,BHC,VIC,,,0,,43.465,0.993,-3.540,91.654,0.099,3,54,0.000,22Carp_11,big sioux,above,29,october,2021,lab,600,08:30,12:50,04:20,22-Dec-21,55,4-Apr-22,104
LL_SFA2F,SVC,FAM,,,0,,42.710,0.993,-3.532,91.922,0.175,3,54,0.000,22Carp_11,big sioux,above,29,october,2021,lab,600,08:30,12:50,04:20,22-Dec-21,55,4-Apr-22,104
LL_SFA3F,BHC,VIC,,,0,,43.465,0.993,-3.540,91.654,0.099,3,54,0.000,22Carp_11,big sioux,above,29,october,2021,lab,175,08:55,12:45,03:50,22-Dec-21,55,4-Apr-22,104
LL_SFA3F,SVC,FAM,,,0,,42.710,0.993,-3.532,91.922,0.175,3,54,0.000,22Carp_11,big sioux,above,29,october,2021,lab,175,08:55,12:45,03:50,22-Dec-21,55,4-Apr-22,104
LL_SFA4F,BHC,VIC,,,0,,43.465,0.993,-3.540,91.654,0.099,3,54,0.000,22Carp_11,big sioux,above,29,october,2021,lab,300,09:15,12:40,03:25,22-Dec-21,55,4-Apr-22,104
LL_SFA4F,SVC,FAM,,,0,,42.710,0.993,-3.532,91.922,0.175,3,54,0.000,22Carp_11,big sioux,above,29,october,2021,lab,300,09:15,12:40,03:25,22-Dec-21,55,4-Apr-22,104
LL_SFA5F,BHC,VIC,,,0,,43.465,0.993,-3.540,91.654,0.099,3,54,0.000,22Carp_11,big sioux,above,29,october,2021,lab,300,09:20,12:35,03:15,22-Dec-21,55,4-Apr-22,104
LL_SFA5F,SVC,FAM,,,0,,42.710,0.993,-3.532,91.922,0.175,3,54,0.000,22Carp_11,big sioux,above,29,october,2021,lab,300,09:20,12:35,03:15,22-Dec-21,55,4-Apr-22,104
LL_SFA6F,BHC,VIC,,,0,,43.465,0.993,-3.540,91.654,0.099,3,54,0.000,22Carp_11,big sioux,above,29,october,2021,lab,200,09:55,12:30,02:35,22-Dec-21,55,4-Apr-22,104
LL_SFA6F,SVC,FAM,,,0,,42.710,0.993,-3.532,91.922,0.175,3,54,0.000,22Carp_11,big sioux,above,29,october,2021,lab,200,09:55,12:30,02:35,22-Dec-21,55,4-Apr-22,104
ASW_13G,BHC,VIC,,,0,,43.465,0.993,-3.540,91.654,0.047,3,54,0.000,23Carp_06,vermillion,above,24,may,2022,field,150,12:40,15:50,03:10,3-Aug-22,72,31-Jan-23,182
ASW_13G,SVC,FAM,,,0,,42.710,0.993,-3.532,91.922,0.118,3,54,0.000,23Carp_06,vermillion,above,24,may,2022,field,150,12:40,15:50,03:10,3-Aug-22,72,31-Jan-23,182
ASW_14G,BHC,VIC,,,0,,43.465,0.993,-3.540,91.654,0.047,3,54,0.000,23Carp_06,vermillion,above,24,may,2022,field,150,12:50,15:55,03:05,3-Aug-22,72,31-Jan-23,182
ASW_14G,SVC,FAM,,,0,,42.710,0.993,-3.532,91.922,0.118,3,54,0.000,23Carp_06,vermillion,above,24,may,2022,field,150,12:50,15:55,03:05,3-Aug-22,72,31-Jan-23,182
SFB_1G,BHC,VIC,49.538,,0.019,,43.465,0.993,-3.540,91.654,0.047,3,43,0.721,23Carp_06,big sioux,below,26,may,2022,field,325,09:25,14:40,05:15,3-Aug-22,72,31-Jan-23,182
SFB_1G,SVC,FAM,51.751,,0.003,,42.710,0.993,-3.532,91.922,0.118,3,43,0.459,23Carp_06,big sioux,below,26,may,2022,field,325,09:25,14:40,05:15,3-Aug-22,72,31-Jan-23,182
SFB_2G,BHC,VIC,40.031,0.949,10.548,6.131,43.465,0.993,-3.540,91.654,0.047,3,36,0.858,23Carp_06,big sioux,below,26,may,2022,field,250,09:50,14:45,04:55,3-Aug-22,72,31-Jan-23,182
SFB_2G,SVC,FAM,,,0,,42.710,0.993,-3.532,91.922,0.118,3,54,0.000,23Carp_06,big sioux,below,26,may,2022,field,250,09:50,14:45,04:55,3-Aug-22,72,31-Jan-23,182
SFB_3G,BHC,VIC,45.709,4.754,5.398,10.665,43.465,0.993,-3.540,91.654,0.047,3,35,0.852,23Carp_06,big sioux,below,26,may,2022,field,500,10:10,14:55,04:45,3-Aug-22,72,31-Jan-23,182
SFB_3G,SVC,FAM,51.591,2.590,0.006,0.006,42.710,0.993,-3.532,91.922,0.118,3,40,0.768,23Carp_06,big sioux,below,26,may,2022,field,500,10:10,14:55,04:45,3-Aug-22,72,31-Jan-23,182
SFB_4G,BHC,VIC,46.901,7.080,5.490,9.475,43.465,0.993,-3.540,91.654,0.047,3,46,0.187,23Carp_06,big sioux,below,26,may,2022,field,575,11:50,15:05,03:15,3-Aug-22,72,31-Jan-23,182
SFB_4G,SVC,FAM,,,0.000,,42.710,0.993,-3.532,91.922,0.118,3,45,0.000,23Carp_06,big sioux,below,26,may,2022,field,575,11:50,15:05,03:15,3-Aug-22,72,31-Jan-23,182
SFB_5G,BHC,VIC,,,0.000,,43.465,0.993,-3.540,91.654,0.047,3,54,0.000,23Carp_06,big sioux,below,26,may,2022,field,500,12:05,15:10,03:05,3-Aug-22,72,31-Jan-23,182
SFB_5G,SVC,FAM,,,0.000,,42.710,0.993,-3.532,91.922,0.118,3,54,0.000,23Carp_06,big sioux,below,26,may,2022,field,500,12:05,15:10,03:05,3-Aug-22,72,31-Jan-23,182
ASW1H,BHC,VIC,,,0.000,,43.465,0.993,-3.540,91.654,0.059,3,54,0.000,23Carp_07,vermillion,above,12,july,2022,field,450,08:55,12:40,03:45,8-Aug-22,28,1-Feb-23,178
ASW1H,SVC,FAM,,,0.000,,42.710,0.993,-3.532,91.922,0.092,3,54,0.000,23Carp_07,vermillion,above,12,july,2022,field,450,08:55,12:40,03:45,8-Aug-22,28,1-Feb-23,178
ASW2H,BHC,VIC,,,0.000,,43.465,0.993,-3.540,91.654,0.059,3,54,0.000,23Carp_07,vermillion,above,12,july,2022,field,450,09:15,12:45,03:30,8-Aug-22,28,1-Feb-23,178
ASW2H,SVC,FAM,,,0.000,,42.710,0.993,-3.532,91.922,0.092,3,54,0.000,23Carp_07,vermillion,above,12,july,2022,field,450,09:15,12:45,03:30,8-Aug-22,28,1-Feb-23,178
ASW3H,BHC,VIC,50.339,,0.011,,43.465,0.993,-3.540,91.654,0.059,3,43,0.715,23Carp_07,vermillion,above,12,july,2022,field,600,09:25,12:50,03:25,8-Aug-22,28,1-Feb-23,178
ASW3H,SVC,FAM,51.862,,0.003,,42.710,0.993,-3.532,91.922,0.092,3,43,0.418,23Carp_07,vermillion,above,12,july,2022,field,600,09:25,12:50,03:25,8-Aug-22,28,1-Feb-23,178
ASW4H,BHC,VIC,,,0.000,,43.465,0.993,-3.540,91.654,0.059,3,54,0.000,23Carp_07,vermillion,above,12,july,2022,field,750,09:30,12:55,03:25,8-Aug-22,28,1-Feb-23,178
ASW4H,SVC,FAM,,,0.000,,42.710,0.993,-3.532,91.922,0.092,3,54,0.000,23Carp_07,vermillion,above,12,july,2022,field,750,09:30,12:55,03:25,8-Aug-22,28,1-Feb-23,178
BSW1H,BHC,VIC,37.056,0.531,67.416,21.259,43.465,0.993,-3.540,91.654,0.059,3,33,0.829,23Carp_07,vermillion,below,12,july,2022,field,200,08:15,12:05,03:50,8-Aug-22,28,1-Feb-23,178
BSW1H,SVC,FAM,42.731,0.996,1.092,0.663,42.710,0.993,-3.532,91.922,0.092,3,36,0.795,23Carp_07,vermillion,below,12,july,2022,field,200,08:15,12:05,03:50,8-Aug-22,28,1-Feb-23,178
BSW2H,BHC,VIC,47.706,0.980,0.072,0.043,43.465,0.993,-3.540,91.654,0.059,3,39,0.716,23Carp_07,vermillion,below,12,july,2022,field,600,08:25,12:15,03:50,8-Aug-22,28,1-Feb-23,178
BSW2H,SVC,FAM,45.571,3.641,0.611,0.685,42.710,0.993,-3.532,91.922,0.092,3,41,0.683,23Carp_07,vermillion,below,12,july,2022,field,600,08:25,12:15,03:50,8-Aug-22,28,1-Feb-23,178
BSW3H,BHC,VIC,48.935,,0.028,,43.465,0.993,-3.540,91.654,0.059,3,41,0.715,23Carp_07,vermillion,below,12,july,2022,field,550,08:35,12:25,03:50,8-Aug-22,28,1-Feb-23,178
BSW3H,SVC,FAM,47.590,6.624,0.772,1.272,42.710,0.993,-3.532,91.922,0.092,3,40,0.880,23Carp_07,vermillion,below,12,july,2022,field,550,08:35,12:25,03:50,8-Aug-22,28,1-Feb-23,178
BSW4H,BHC,VIC,45.173,10.339,19.136,27.058,43.465,0.993,-3.540,91.654,0.059,3,34,0.908,23Carp_07,vermillion,below,12,july,2022,field,400,08:45,12:35,03:50,8-Aug-22,28,1-Feb-23,178
BSW4H,SVC,FAM,45.645,6.985,1.395,1.293,42.710,0.993,-3.532,91.922,0.092,3,36,0.901,23Carp_07,vermillion,below,12,july,2022,field,400,08:45,12:35,03:50,8-Aug-22,28,1-Feb-23,178
ASW13H,BHC,VIC,,,0.000,,43.465,0.993,-3.540,91.654,0.089,3,54,0.000,23Carp_08,vermillion,above,12,july,2022,field,150,11:20,14:25,03:05,10-Aug-22,30,1-Feb-23,176
ASW13H,SVC,FAM,,,0.000,,42.710,0.993,-3.532,91.922,0.162,3,54,0.000,23Carp_08,vermillion,above,12,july,2022,field,150,11:20,14:25,03:05,10-Aug-22,30,1-Feb-23,176
ASW14H,BHC,VIC,,,0.000,,43.465,0.993,-3.540,91.654,0.089,3,54,0.000,23Carp_08,vermillion,above,12,july,2022,field,100,11:40,14:30,02:50,10-Aug-22,30,1-Feb-23,176
ASW14H,SVC,FAM,,,0.000,,42.710,0.993,-3.532,91.922,0.162,3,54,0.000,23Carp_08,vermillion,above,12,july,2022,field,100,11:40,14:30,02:50,10-Aug-22,30,1-Feb-23,176
SFB1H,BHC,VIC,50.072,2.610,0.026,0.025,43.465,0.993,-3.540,91.654,0.089,3,41,0.107,23Carp_08,big sioux,below,11,july,2022,field,300,08:15,15:50,07:35,10-Aug-22,31,1-Feb-23,176
SFB1H,SVC,FAM,45.594,6.806,1.762,2.482,42.710,0.993,-3.532,91.922,0.162,3,38,0.527,23Carp_08,big sioux,below,11,july,2022,field,300,08:15,15:50,07:35,10-Aug-22,31,1-Feb-23,176
SFB2H,BHC,VIC,53.490,0.291,0.001,0.000,43.465,0.993,-3.540,91.654,0.089,3,41,0.028,23Carp_08,big sioux,below,11,july,2022,field,450,08:30,15:55,07:25,10-Aug-22,31,1-Feb-23,176
SFB2H,SVC,FAM,,,0.000,,42.710,0.993,-3.532,91.922,0.162,3,41,0.000,23Carp_08,big sioux,below,11,july,2022,field,450,08:30,15:55,07:25,10-Aug-22,31,1-Feb-23,176
SFB3H,BHC,VIC,,,0.000,,43.465,0.993,-3.540,91.654,0.089,3,54,0.000,23Carp_08,big sioux,below,11,july,2022,field,150,08:55,16:00,07:05,10-Aug-22,31,1-Feb-23,176
SFB3H,SVC,FAM,,,0.000,,42.710,0.993,-3.532,91.922,0.162,3,54,0.000,23Carp_08,big sioux,below,11,july,2022,field,150,08:55,16:00,07:05,10-Aug-22,31,1-Feb-23,176
SFB4H,BHC,VIC,,,0.000,,43.465,0.993,-3.540,91.654,0.089,3,54,0.000,23Carp_08,big sioux,below,11,july,2022,field,175,09:05,16:10,07:05,10-Aug-22,31,1-Feb-23,176
SFB4H,SVC,FAM,,,0.000,,42.710,0.993,-3.532,91.922,0.162,3,43,0.000,23Carp_08,big sioux,below,11,july,2022,field,175,09:05,16:10,07:05,10-Aug-22,31,1-Feb-23,176
SFB5H,BHC,VIC,,,0.000,,43.465,0.993,-3.540,91.654,0.089,3,54,0.000,23Carp_08,big sioux,below,11,july,2022,field,200,09:15,16:15,07:00,10-Aug-22,31,1-Feb-23,176
SFB5H,SVC,FAM,,,0.000,,42.710,0.993,-3.532,91.922,0.162,3,54,0.000,23Carp_08,big sioux,below,11,july,2022,field,200,09:15,16:15,07:00,10-Aug-22,31,1-Feb-23,176
ASW1I,BHC,VIC,,,0.000,,43.465,0.993,-3.540,91.654,0.043,3,54,0.000,23Carp_09,vermillion,above,18,august,2022,field,325,09:10,12:35,03:25,5-Nov-22,80,2-Feb-23,90
ASW1I,SVC,FAM,,,0.000,,42.710,0.993,-3.532,91.922,0.156,3,54,0.000,23Carp_09,vermillion,above,18,august,2022,field,325,09:10,12:35,03:25,5-Nov-22,80,2-Feb-23,90
BSW1I,BHC,VIC,36.820,0.932,84.557,38.785,43.465,0.993,-3.540,91.654,0.043,3,33,0.798,23Carp_09,vermillion,below,18,august,2022,field,350,08:25,12:05,03:40,5-Nov-22,80,2-Feb-23,90
BSW1I,SVC,FAM,45.491,,0.163,,42.710,0.993,-3.532,91.922,0.156,3,37,0.880,23Carp_09,vermillion,below,18,august,2022,field,350,08:25,12:05,03:40,5-Nov-22,80,2-Feb-23,90
BSW2I,BHC,VIC,49.721,2.582,0.031,0.036,43.465,0.993,-3.540,91.654,0.043,3,44,0.599,23Carp_09,vermillion,below,18,august,2022,field,600,08:40,12:10,03:30,5-Nov-22,80,2-Feb-23,90
BSW2I,SVC,FAM,,,0.000,,42.710,0.993,-3.532,91.922,0.156,3,44,0.000,23Carp_09,vermillion,below,18,august,2022,field,600,08:40,12:10,03:30,5-Nov-22,80,2-Feb-23,90
BSW3I,BHC,VIC,51.964,,0.004,,43.465,0.993,-3.540,91.654,0.043,3,47,0.663,23Carp_09,vermillion,below,18,august,2022,field,600,08:45,12:20,03:35,5-Nov-22,80,2-Feb-23,90
BSW3I,SVC,FAM,,,0.000,,42.710,0.993,-3.532,91.922,0.156,3,47,0.000,23Carp_09,vermillion,below,18,august,2022,field,600,08:45,12:20,03:35,5-Nov-22,80,2-Feb-23,90
BSW4I,BHC,VIC,44.920,3.150,1.338,2.059,43.465,0.993,-3.540,91.654,0.043,3,41,0.737,23Carp_09,vermillion,below,18,august,2022,field,600,08:55,12:30,03:35,5-Nov-22,80,2-Feb-23,90
BSW4I,SVC,FAM,49.833,,0.010,,42.710,0.993,-3.532,91.922,0.156,3,38,0.490,23Carp_09,vermillion,below,18,august,2022,field,600,08:55,12:30,03:35,5-Nov-22,80,2-Feb-23,90
SFA10H,BHC,VIC,,,0.000,,43.465,0.993,-3.540,91.654,0.043,3,54,0.000,23Carp_09,big sioux,above,11,july,2022,field,225,13:10,17:20,04:10,5-Nov-22,118,2-Feb-23,90
SFA10H,SVC,FAM,,,0.000,,42.710,0.993,-3.532,91.922,0.156,3,54,0.000,23Carp_09,big sioux,above,11,july,2022,field,225,13:10,17:20,04:10,5-Nov-22,118,2-Feb-23,90
SFA11H,BHC,VIC,,,0.000,,43.465,0.993,-3.540,91.654,0.043,3,54,0.000,23Carp_09,big sioux,above,11,july,2022,field,375,13:25,17:25,04:00,5-Nov-22,118,2-Feb-23,90
SFA11H,SVC,FAM,,,0.000,,42.710,0.993,-3.532,91.922,0.156,3,54,0.000,23Carp_09,big sioux,above,11,july,2022,field,375,13:25,17:25,04:00,5-Nov-22,118,2-Feb-23,90
SFA9H,BHC,VIC,,,0.000,,43.465,0.993,-3.540,91.654,0.043,3,54,0.000,23Carp_09,big sioux,above,11,july,2022,field,200,12:35,17:10,04:35,5-Nov-22,118,2-Feb-23,90
SFA9H,SVC,FAM,,,0.000,,42.710,0.993,-3.532,91.922,0.156,3,54,0.000,23Carp_09,big sioux,above,11,july,2022,field,200,12:35,17:10,04:35,5-Nov-22,118,2-Feb-23,90
ASW10I,BHC,VIC,,,0.000,,43.465,0.993,-3.540,91.654,0.097,3,54,0.000,23Carp_10,vermillion,above,18,august,2022,field,100,10:45,13:40,02:55,6-Nov-22,81,2-Feb-23,89
ASW10I,SVC,FAM,,,0.000,,42.710,0.993,-3.532,91.922,0.101,3,54,0.000,23Carp_10,vermillion,above,18,august,2022,field,100,10:45,13:40,02:55,6-Nov-22,81,2-Feb-23,89
ASW11I,BHC,VIC,,,0.000,,43.465,0.993,-3.540,91.654,0.097,3,54,0.000,23Carp_10,vermillion,above,18,august,2022,field,150,10:55,13:50,02:55,6-Nov-22,81,2-Feb-23,89
ASW11I,SVC,FAM,,,0.000,,42.710,0.993,-3.532,91.922,0.101,3,54,0.000,23Carp_10,vermillion,above,18,august,2022,field,150,10:55,13:50,02:55,6-Nov-22,81,2-Feb-23,89
ASW12I,BHC,VIC,,,0.000,,43.465,0.993,-3.540,91.654,0.097,3,54,0.000,23Carp_10,vermillion,above,18,august,2022,field,200,11:00,13:55,02:55,6-Nov-22,81,2-Feb-23,89
ASW12I,SVC,FAM,,,0.000,,42.710,0.993,-3.532,91.922,0.101,3,54,0.000,23Carp_10,vermillion,above,18,august,2022,field,200,11:00,13:55,02:55,6-Nov-22,81,2-Feb-23,89
ASW13I,BHC,VIC,,,0.000,,43.465,0.993,-3.540,91.654,0.097,3,54,0.000,23Carp_10,vermillion,above,18,august,2022,field,350,11:10,14:05,02:55,6-Nov-22,81,2-Feb-23,89
ASW13I,SVC,FAM,,,0.000,,42.710,0.993,-3.532,91.922,0.101,3,54,0.000,23Carp_10,vermillion,above,18,august,2022,field,350,11:10,14:05,02:55,6-Nov-22,81,2-Feb-23,89
ASW14I,BHC,VIC,,,0.000,,43.465,0.993,-3.540,91.654,0.097,3,54,0.000,23Carp_10,vermillion,above,18,august,2022,field,200,11:30,14:10,02:40,6-Nov-22,81,2-Feb-23,89
ASW14I,SVC,FAM,,,0.000,,42.710,0.993,-3.532,91.922,0.101,3,54,0.000,23Carp_10,vermillion,above,18,august,2022,field,200,11:30,14:10,02:40,6-Nov-22,81,2-Feb-23,89
SFB1I,BHC,VIC,53.377,1.758,0.002,0.003,43.465,0.993,-3.540,91.654,0.097,3,41,0.019,23Carp_10,big sioux,below,17,august,2022,field,250,08:05,13:35,05:30,6-Nov-22,82,2-Feb-23,89
SFB1I,SVC,FAM,47.232,6.253,1.939,3.351,42.710,0.993,-3.532,91.922,0.101,3,39,0.536,23Carp_10,big sioux,below,17,august,2022,field,250,08:05,13:35,05:30,6-Nov-22,82,2-Feb-23,89
SFB2I,BHC,VIC,53.761,0.128,0.001,0.000,43.465,0.993,-3.540,91.654,0.097,3,40,0.015,23Carp_10,big sioux,below,17,august,2022,field,300,08:35,13:45,05:10,6-Nov-22,82,2-Feb-23,89
SFB2I,SVC,FAM,48.253,4.539,0.530,1.045,42.710,0.993,-3.532,91.922,0.101,3,39,0.535,23Carp_10,big sioux,below,17,august,2022,field,300,08:35,13:45,05:10,6-Nov-22,82,2-Feb-23,89
SFB3I,BHC,VIC,45.805,8.570,5.624,7.948,43.465,0.993,-3.540,91.654,0.097,3,41,0.294,23Carp_10,big sioux,below,17,august,2022,field,300,09:00,13:50,04:50,6-Nov-22,82,2-Feb-23,89
SFB3I,SVC,FAM,51.424,2.227,0.005,0.006,42.710,0.993,-3.532,91.922,0.101,3,41,0.708,23Carp_10,big sioux,below,17,august,2022,field,300,09:00,13:50,04:50,6-Nov-22,82,2-Feb-23,89
SFA1I,BHC,VIC,,,0.000,,43.465,0.993,-3.540,91.654,0.101,3,54,0.000,23Carp_11,big sioux,above,17,august,2022,field,300,09:40,14:25,04:45,8-Nov-22,84,7-Feb-23,92
SFA1I,SVC,FAM,,,0.000,,42.710,0.993,-3.532,91.922,0.229,3,54,0.000,23Carp_11,big sioux,above,17,august,2022,field,300,09:40,14:25,04:45,8-Nov-22,84,7-Feb-23,92
SFA2I,BHC,VIC,,,0.000,,43.465,0.993,-3.540,91.654,0.101,3,54,0.000,23Carp_11,big sioux,above,17,august,2022,field,400,10:00,14:30,04:30,8-Nov-22,84,7-Feb-23,92
SFA2I,SVC,FAM,,,0.000,,42.710,0.993,-3.532,91.922,0.229,3,54,0.000,23Carp_11,big sioux,above,17,august,2022,field,400,10:00,14:30,04:30,8-Nov-22,84,7-Feb-23,92
SFA3I,BHC,VIC,,,0.000,,43.465,0.993,-3.540,91.654,0.101,3,54,0.000,23Carp_11,big sioux,above,17,august,2022,field,400,10:25,14:35,04:10,8-Nov-22,84,7-Feb-23,92
SFA3I,SVC,FAM,,,0.000,,42.710,0.993,-3.532,91.922,0.229,3,54,0.000,23Carp_11,big sioux,above,17,august,2022,field,400,10:25,14:35,04:10,8-Nov-22,84,7-Feb-23,92
SFA4I,BHC,VIC,,,0.000,,43.465,0.993,-3.540,91.654,0.101,3,54,0.000,23Carp_11,big sioux,above,17,august,2022,field,600,10:45,14:40,03:55,8-Nov-22,84,7-Feb-23,92
SFA4I,SVC,FAM,,,0.000,,42.710,0.993,-3.532,91.922,0.229,3,54,0.000,23Carp_11,big sioux,above,17,august,2022,field,600,10:45,14:40,03:55,8-Nov-22,84,7-Feb-23,92
SFA5I,BHC,VIC,,,0.000,,43.465,0.993,-3.540,91.654,0.101,3,54,0.000,23Carp_11,big sioux,above,17,august,2022,field,300,11:10,14:50,03:40,8-Nov-22,84,7-Feb-23,92
SFA5I,SVC,FAM,,,0.000,,42.710,0.993,-3.532,91.922,0.229,3,54,0.000,23Carp_11,big sioux,above,17,august,2022,field,300,11:10,14:50,03:40,8-Nov-22,84,7-Feb-23,92
SFA6I,BHC,VIC,,,0.000,,43.465,0.993,-3.540,91.654,0.101,3,54,0.000,23Carp_11,big sioux,above,17,august,2022,field,350,11:30,14:55,03:25,8-Nov-22,84,7-Feb-23,92
SFA6I,SVC,FAM,,,0.000,,42.710,0.993,-3.532,91.922,0.229,3,54,0.000,23Carp_11,big sioux,above,17,august,2022,field,350,11:30,14:55,03:25,8-Nov-22,84,7-Feb-23,92
SFB4I,BHC,VIC,39.407,,14.012,,43.465,0.993,-3.540,91.654,0.101,3,34,0.977,23Carp_11,big sioux,below,17,august,2022,field,250,09:10,14:00,04:50,8-Nov-22,84,7-Feb-23,92
SFB4I,SVC,FAM,41.971,,1.620,,42.710,0.993,-3.532,91.922,0.229,3,36,0.986,23Carp_11,big sioux,below,17,august,2022,field,250,09:10,14:00,04:50,8-Nov-22,84,7-Feb-23,92
SFB5I,BHC,VIC,,,0.000,,43.465,0.993,-3.540,91.654,0.101,3,54,0.000,23Carp_11,big sioux,below,17,august,2022,field,250,09:20,14:10,04:50,8-Nov-22,84,7-Feb-23,92
SFB5I,SVC,FAM,,,0.000,,42.710,0.993,-3.532,91.922,0.229,3,54,0.000,23Carp_11,big sioux,below,17,august,2022,field,250,09:20,14:10,04:50,8-Nov-22,84,7-Feb-23,92
ASW10H,BHC,VIC,,,0.000,,43.465,0.993,-3.540,91.654,0.098,3,44,0.000,23Carp_12,vermillion,above,12,july,2022,field,175,10:50,14:05,03:15,9-Aug-22,29,7-Feb-23,91
ASW10H,SVC,FAM,44.905,2.376,0.398,0.449,42.710,0.993,-3.532,91.922,0.089,3,41,0.956,23Carp_12,vermillion,above,12,july,2022,field,175,10:50,14:05,03:15,9-Aug-22,29,7-Feb-23,91
ASW11H,BHC,VIC,,,0.000,,43.465,0.993,-3.540,91.654,0.098,3,54,0.000,23Carp_12,vermillion,above,12,july,2022,field,175,11:00,14:10,03:10,9-Aug-22,29,7-Feb-23,91
ASW11H,SVC,FAM,,,0.000,,42.710,0.993,-3.532,91.922,0.089,3,54,0.000,23Carp_12,vermillion,above,12,july,2022,field,175,11:00,14:10,03:10,9-Aug-22,29,7-Feb-23,91
ASW12H,BHC,VIC,,,0.000,,43.465,0.993,-3.540,91.654,0.098,3,54,0.000,23Carp_12,vermillion,above,12,july,2022,field,150,11:05,14:20,03:15,9-Aug-22,29,7-Feb-23,91
ASW12H,SVC,FAM,,,0.000,,42.710,0.993,-3.532,91.922,0.089,3,54,0.000,23Carp_12,vermillion,above,12,july,2022,field,150,11:05,14:20,03:15,9-Aug-22,29,7-Feb-23,91
ASW5H,BHC,VIC,,,0.000,,43.465,0.993,-3.540,91.654,0.098,3,54,0.000,23Carp_12,vermillion,above,12,july,2022,field,600,09:40,13:05,03:25,9-Aug-22,29,7-Feb-23,91
ASW5H,SVC,FAM,,,0.000,,42.710,0.993,-3.532,91.922,0.089,3,54,0.000,23Carp_12,vermillion,above,12,july,2022,field,600,09:40,13:05,03:25,9-Aug-22,29,7-Feb-23,91
ASW6H,BHC,VIC,,,0.000,,43.465,0.993,-3.540,91.654,0.098,3,54,0.000,23Carp_12,vermillion,above,12,july,2022,field,325,09:50,13:10,03:20,9-Aug-22,29,7-Feb-23,91
ASW6H,SVC,FAM,,,0.000,,42.710,0.993,-3.532,91.922,0.089,3,54,0.000,23Carp_12,vermillion,above,12,july,2022,field,325,09:50,13:10,03:20,9-Aug-22,29,7-Feb-23,91
ASW7H,BHC,VIC,,,0.000,,43.465,0.993,-3.540,91.654,0.098,3,54,0.000,23Carp_12,vermillion,above,12,july,2022,field,450,10:00,13:15,03:15,9-Aug-22,29,7-Feb-23,91
ASW7H,SVC,FAM,,,0.000,,42.710,0.993,-3.532,91.922,0.089,3,54,0.000,23Carp_12,vermillion,above,12,july,2022,field,450,10:00,13:15,03:15,9-Aug-22,29,7-Feb-23,91
ASW8H,BHC,VIC,39.560,,12.686,,43.465,0.993,-3.540,91.654,0.098,3,35,0.979,23Carp_12,vermillion,above,12,july,2022,field,750,10:15,13:25,03:10,9-Aug-22,29,7-Feb-23,91
ASW8H,SVC,FAM,52.272,1.047,0.002,0.001,42.710,0.993,-3.532,91.922,0.089,3,42,0.516,23Carp_12,vermillion,above,12,july,2022,field,750,10:15,13:25,03:10,9-Aug-22,29,7-Feb-23,91
ASW9H,BHC,VIC,,,0.000,,43.465,0.993,-3.540,91.654,0.098,3,54,0.000,23Carp_12,vermillion,above,12,july,2022,field,375,10:30,14:00,03:30,9-Aug-22,29,7-Feb-23,91
ASW9H,SVC,FAM,,,0.000,,42.710,0.993,-3.532,91.922,0.089,3,54,0.000,23Carp_12,vermillion,above,12,july,2022,field,375,10:30,14:00,03:30,9-Aug-22,29,7-Feb-23,91
ASW1G,BHC,VIC,,,0.000,,43.465,0.993,-3.540,91.654,0.040,3,54,0.000,23Carp_13,vermillion,above,24,may,2022,field,925,10:25,14:15,03:50,19-Jul-22,57,8-Feb-23,205
ASW1G,SVC,FAM,,,0.000,,42.710,0.993,-3.532,91.922,0.064,3,54,0.000,23Carp_13,vermillion,above,24,may,2022,field,925,10:25,14:15,03:50,19-Jul-22,57,8-Feb-23,205
ASW2G,BHC,VIC,,,0.000,,43.465,0.993,-3.540,91.654,0.040,3,54,0.000,23Carp_13,vermillion,above,24,may,2022,field,1650,10:35,14:20,03:45,19-Jul-22,57,8-Feb-23,205
ASW2G,SVC,FAM,,,0.000,,42.710,0.993,-3.532,91.922,0.064,3,54,0.000,23Carp_13,vermillion,above,24,may,2022,field,1650,10:35,14:20,03:45,19-Jul-22,57,8-Feb-23,205
ASW3G,BHC,VIC,,,0.000,,43.465,0.993,-3.540,91.654,0.040,3,54,0.000,23Carp_13,vermillion,above,24,may,2022,field,400,10:45,14:45,04:00,19-Jul-22,57,8-Feb-23,205
ASW3G,SVC,FAM,,,0.000,,42.710,0.993,-3.532,91.922,0.064,3,54,0.000,23Carp_13,vermillion,above,24,may,2022,field,400,10:45,14:45,04:00,19-Jul-22,57,8-Feb-23,205
ASW4G,BHC,VIC,,,0.000,,43.465,0.993,-3.540,91.654,0.040,3,54,0.000,23Carp_13,vermillion,above,24,may,2022,field,700,10:50,14:50,04:00,19-Jul-22,57,8-Feb-23,205
ASW4G,SVC,FAM,,,0.000,,42.710,0.993,-3.532,91.922,0.064,3,54,0.000,23Carp_13,vermillion,above,24,may,2022,field,700,10:50,14:50,04:00,19-Jul-22,57,8-Feb-23,205
BSW1G,BHC,VIC,36.679,0.846,90.793,37.471,43.465,0.993,-3.540,91.654,0.040,3,33,0.720,23Carp_13,vermillion,below,24,may,2022,field,450,09:35,13:40,04:05,19-Jul-22,57,8-Feb-23,205
BSW1G,SVC,FAM,43.885,0.181,0.467,0.055,42.710,0.993,-3.532,91.922,0.064,3,38,0.789,23Carp_13,vermillion,below,24,may,2022,field,450,09:35,13:40,04:05,19-Jul-22,57,8-Feb-23,205
BSW2G,BHC,VIC,45.980,,0.195,,43.465,0.993,-3.540,91.654,0.040,3,40,0.780,23Carp_13,vermillion,below,24,may,2022,field,900,09:55,13:45,03:50,19-Jul-22,57,8-Feb-23,205
BSW2G,SVC,FAM,44.221,4.353,5.533,10.814,42.710,0.993,-3.532,91.922,0.064,3,39,0.874,23Carp_13,vermillion,below,24,may,2022,field,900,09:55,13:45,03:50,19-Jul-22,57,8-Feb-23,205
BSW3G,BHC,VIC,43.685,4.763,10.369,17.703,43.465,0.993,-3.540,91.654,0.040,3,35,0.794,23Carp_13,vermillion,below,24,may,2022,field,950,10:00,13:55,03:55,19-Jul-22,57,8-Feb-23,205
BSW3G,SVC,FAM,44.712,2.854,1.039,1.811,42.710,0.993,-3.532,91.922,0.064,3,38,0.867,23Carp_13,vermillion,below,24,may,2022,field,950,10:00,13:55,03:55,19-Jul-22,57,8-Feb-23,205
BSW4G,BHC,VIC,39.313,,14.898,,43.465,0.993,-3.540,91.654,0.040,3,36,0.826,23Carp_13,vermillion,below,24,may,2022,field,1250,10:15,14:05,03:50,19-Jul-22,57,8-Feb-23,205
BSW4G,SVC,FAM,40.160,1.659,7.251,4.968,42.710,0.993,-3.532,91.922,0.064,3,37,0.867,23Carp_13,vermillion,below,24,may,2022,field,1250,10:15,14:05,03:50,19-Jul-22,57,8-Feb-23,205
ASW10H_rr,BHC,VIC,42.401,,1.997,,43.465,0.993,-3.540,91.654,0.052,3,39,0.977,23Carp_14,vermillion,above,12,july,2022,field,175,10:50,14:05,03:15,9-Aug-22,29,8-Feb-23,184
ASW10H_rr,SVC,FAM,,,0.000,,42.710,0.993,-3.532,91.922,0.097,3,54,0.000,23Carp_14,vermillion,above,12,july,2022,field,175,10:50,14:05,03:15,9-Aug-22,29,8-Feb-23,184
ASW3H_rr,BHC,VIC,,,0,,43.465,0.993,-3.540,91.654,0.052,3,54,0.000,23Carp_14,vermillion,above,12,july,2022,field,600,09:25,12:50,03:25,8-Aug-22,28,8-Feb-23,183
ASW3H_rr,SVC,FAM,,,0,,42.710,0.993,-3.532,91.922,0.097,3,54,0.000,23Carp_14,vermillion,above,12,july,2022,field,600,09:25,12:50,03:25,8-Aug-22,28,8-Feb-23,183
ASW8H_rr,BHC,VIC,49.885,,0.015,,43.465,0.993,-3.540,91.654,0.052,3,42,0.725,23Carp_14,vermillion,above,12,july,2022,field,750,10:15,13:25,03:10,9-Aug-22,29,8-Feb-23,184
ASW8H_rr,SVC,FAM,51.722,0.196,0.003,0.000,42.710,0.993,-3.532,91.922,0.097,3,42,0.473,23Carp_14,vermillion,above,12,july,2022,field,750,10:15,13:25,03:10,9-Aug-22,29,8-Feb-23,184
SFA7I,BHC,VIC,,,0,,43.465,0.993,-3.540,91.654,0.052,3,54,0.000,23Carp_14,big sioux,above,17,august,2022,field,200,12:10,15:10,03:00,8-Nov-22,84,8-Feb-23,93
SFA7I,SVC,FAM,,,0,,42.710,0.993,-3.532,91.922,0.097,3,54,0.000,23Carp_14,big sioux,above,17,august,2022,field,200,12:10,15:10,03:00,8-Nov-22,84,8-Feb-23,93
SFA8I,BHC,VIC,,,0,,43.465,0.993,-3.540,91.654,0.052,3,54,0.000,23Carp_14,big sioux,above,17,august,2022,field,200,12:45,15:15,02:30,8-Nov-22,84,8-Feb-23,93
SFA8I,SVC,FAM,,,0,,42.710,0.993,-3.532,91.922,0.097,3,54,0.000,23Carp_14,big sioux,above,17,august,2022,field,200,12:45,15:15,02:30,8-Nov-22,84,8-Feb-23,93
SFA9I,BHC,VIC,,,0,,43.465,0.993,-3.540,91.654,0.052,3,54,0.000,23Carp_14,big sioux,above,17,august,2022,field,150,13:05,15:25,02:20,8-Nov-22,84,8-Feb-23,93
SFA9I,SVC,FAM,,,0,,42.710,0.993,-3.532,91.922,0.097,3,54,0.000,23Carp_14,big sioux,above,17,august,2022,field,150,13:05,15:25,02:20,8-Nov-22,84,8-Feb-23,93
ASW10G,BHC,VIC,,,0,,43.465,0.993,-3.540,91.654,0.086,3,54,0.000,23Carp_15,vermillion,above,24,may,2022,field,450,12:10,15:25,03:15,19-Jul-22,57,8-Feb-23,205
ASW10G,SVC,FAM,,,0,,42.710,0.993,-3.532,91.922,0.144,3,54,0.000,23Carp_15,vermillion,above,24,may,2022,field,450,12:10,15:25,03:15,19-Jul-22,57,8-Feb-23,205
ASW11G,BHC,VIC,,,0,,43.465,0.993,-3.540,91.654,0.086,3,54,0.000,23Carp_15,vermillion,above,24,may,2022,field,200,12:15,15:30,03:15,19-Jul-22,57,8-Feb-23,205
ASW11G,SVC,FAM,,,0,,42.710,0.993,-3.532,91.922,0.144,3,54,0.000,23Carp_15,vermillion,above,24,may,2022,field,200,12:15,15:30,03:15,19-Jul-22,57,8-Feb-23,205
ASW12G,BHC,VIC,,,0,,43.465,0.993,-3.540,91.654,0.086,3,54,0.000,23Carp_15,vermillion,above,24,may,2022,field,175,12:25,15:35,03:10,19-Jul-22,57,8-Feb-23,205
ASW12G,SVC,FAM,,,0,,42.710,0.993,-3.532,91.922,0.144,3,54,0.000,23Carp_15,vermillion,above,24,may,2022,field,175,12:25,15:35,03:10,19-Jul-22,57,8-Feb-23,205
ASW5G,BHC,VIC,,,0,,43.465,0.993,-3.540,91.654,0.086,3,54,0.000,23Carp_15,vermillion,above,24,may,2022,field,750,11:00,14:50,03:50,19-Jul-22,57,8-Feb-23,205
ASW5G,SVC,FAM,,,0,,42.710,0.993,-3.532,91.922,0.144,3,54,0.000,23Carp_15,vermillion,above,24,may,2022,field,750,11:00,14:50,03:50,19-Jul-22,57,8-Feb-23,205
ASW6G,BHC,VIC,,,0,,43.465,0.993,-3.540,91.654,0.086,3,54,0.000,23Carp_15,vermillion,above,24,may,2022,field,500,11:10,15:00,03:50,19-Jul-22,57,8-Feb-23,205
ASW6G,SVC,FAM,,,0,,42.710,0.993,-3.532,91.922,0.144,3,54,0.000,23Carp_15,vermillion,above,24,may,2022,field,500,11:10,15:00,03:50,19-Jul-22,57,8-Feb-23,205
ASW7G,BHC,VIC,,,0,,43.465,0.993,-3.540,91.654,0.086,3,54,0.000,23Carp_15,vermillion,above,24,may,2022,field,500,11:25,15:10,03:45,19-Jul-22,57,8-Feb-23,205
ASW7G,SVC,FAM,,,0,,42.710,0.993,-3.532,91.922,0.144,3,54,0.000,23Carp_15,vermillion,above,24,may,2022,field,500,11:25,15:10,03:45,19-Jul-22,57,8-Feb-23,205
ASW8G,BHC,VIC,,,0,,43.465,0.993,-3.540,91.654,0.086,3,54,0.000,23Carp_15,vermillion,above,24,may,2022,field,450,11:35,15:20,03:45,19-Jul-22,57,8-Feb-23,205
ASW8G,SVC,FAM,,,0,,42.710,0.993,-3.532,91.922,0.144,3,54,0.000,23Carp_15,vermillion,above,24,may,2022,field,450,11:35,15:20,03:45,19-Jul-22,57,8-Feb-23,205
ASW9G,BHC,VIC,,,0,,43.465,0.993,-3.540,91.654,0.086,3,54,0.000,23Carp_15,vermillion,above,24,may,2022,field,450,11:50,15:25,03:35,19-Jul-22,57,8-Feb-23,205
ASW9G,SVC,FAM,,,0,,42.710,0.993,-3.532,91.922,0.144,3,54,0.000,23Carp_15,vermillion,above,24,may,2022,field,450,11:50,15:25,03:35,19-Jul-22,57,8-Feb-23,205
SFA1G,BHC,VIC,,,0,,43.465,0.993,-3.540,91.654,0.086,3,54,0.000,23Carp_16,big sioux,above,26,may,2022,field,600,10:50,15:20,04:30,3-Aug-22,70,9-Feb-23,191
SFA1G,SVC,FAM,,,0,,42.710,0.993,-3.532,91.922,0.067,3,54,0.000,23Carp_16,big sioux,above,26,may,2022,field,600,10:50,15:20,04:30,3-Aug-22,70,9-Feb-23,191
SFA2G,BHC,VIC,,,0,,43.465,0.993,-3.540,91.654,0.086,3,54,0.000,23Carp_16,big sioux,above,26,may,2022,field,600,11:10,15:25,04:15,3-Aug-22,70,9-Feb-23,191
SFA2G,SVC,FAM,,,0,,42.710,0.993,-3.532,91.922,0.067,3,54,0.000,23Carp_16,big sioux,above,26,may,2022,field,600,11:10,15:25,04:15,3-Aug-22,70,9-Feb-23,191
SFA3G,BHC,VIC,,,0,,43.465,0.993,-3.540,91.654,0.086,3,54,0.000,23Carp_16,big sioux,above,26,may,2022,field,600,11:30,15:30,04:00,3-Aug-22,70,9-Feb-23,191
SFA3G,SVC,FAM,,,0,,42.710,0.993,-3.532,91.922,0.067,3,54,0.000,23Carp_16,big sioux,above,26,may,2022,field,600,11:30,15:30,04:00,3-Aug-22,70,9-Feb-23,191
SFA4G,BHC,VIC,,,0,,43.465,0.993,-3.540,91.654,0.086,3,54,0.000,23Carp_16,big sioux,above,26,may,2022,field,350,11:50,15:40,03:50,3-Aug-22,70,9-Feb-23,191
SFA4G,SVC,FAM,,,0,,42.710,0.993,-3.532,91.922,0.067,3,54,0.000,23Carp_16,big sioux,above,26,may,2022,field,350,11:50,15:40,03:50,3-Aug-22,70,9-Feb-23,191
SFA5G,BHC,VIC,,,0,,43.465,0.993,-3.540,91.654,0.086,3,54,0.000,23Carp_16,big sioux,above,26,may,2022,field,450,12:05,15:45,03:40,3-Aug-22,70,9-Feb-23,191
SFA5G,SVC,FAM,,,0,,42.710,0.993,-3.532,91.922,0.067,3,54,0.000,23Carp_16,big sioux,above,26,may,2022,field,450,12:05,15:45,03:40,3-Aug-22,70,9-Feb-23,191
SFA6G,BHC,VIC,,,0,,43.465,0.993,-3.540,91.654,0.086,3,54,0.000,23Carp_16,big sioux,above,26,may,2022,field,300,12:20,15:50,03:30,3-Aug-22,70,9-Feb-23,191
SFA6G,SVC,FAM,,,0,,42.710,0.993,-3.532,91.922,0.067,3,54,0.000,23Carp_16,big sioux,above,26,may,2022,field,300,12:20,15:50,03:30,3-Aug-22,70,9-Feb-23,191
SFA7G,BHC,VIC,,,0,,43.465,0.993,-3.540,91.654,0.086,3,54,0.000,23Carp_16,big sioux,above,26,may,2022,field,250,12:35,16:05,03:30,3-Aug-22,70,9-Feb-23,191
SFA7G,SVC,FAM,,,0,,42.710,0.993,-3.532,91.922,0.067,3,54,0.000,23Carp_16,big sioux,above,26,may,2022,field,250,12:35,16:05,03:30,3-Aug-22,70,9-Feb-23,191
SFA8G,BHC,VIC,,,0,,43.465,0.993,-3.540,91.654,0.086,3,54,0.000,23Carp_16,big sioux,above,26,may,2022,field,300,13:00,16:15,03:15,3-Aug-22,70,9-Feb-23,191
SFA8G,SVC,FAM,,,0,,42.710,0.993,-3.532,91.922,0.067,3,54,0.000,23Carp_16,big sioux,above,26,may,2022,field,300,13:00,16:15,03:15,3-Aug-22,70,9-Feb-23,191
SFA1H,BHC,VIC,,,0,,43.465,0.993,-3.540,91.654,0.096,3,54,0.000,23Carp_17,big sioux,above,11,july,2022,field,200,09:40,16:20,06:40,5-Nov-22,118,26-Feb-23,114
SFA1H,SVC,FAM,,,0,,42.710,0.993,-3.532,91.922,0.194,3,54,0.000,23Carp_17,big sioux,above,11,july,2022,field,200,09:40,16:20,06:40,5-Nov-22,118,26-Feb-23,114
SFA2H,BHC,VIC,,,0,,43.465,0.993,-3.540,91.654,0.096,3,54,0.000,23Carp_17,big sioux,above,11,july,2022,field,200,09:55,16:30,06:35,5-Nov-22,118,26-Feb-23,114
SFA2H,SVC,FAM,,,0,,42.710,0.993,-3.532,91.922,0.194,3,54,0.000,23Carp_17,big sioux,above,11,july,2022,field,200,09:55,16:30,06:35,5-Nov-22,118,26-Feb-23,114
SFA3H,BHC,VIC,,,0,,43.465,0.993,-3.540,91.654,0.096,3,54,0.000,23Carp_17,big sioux,above,11,july,2022,field,200,10:25,16:40,06:15,5-Nov-22,118,26-Feb-23,114
SFA3H,SVC,FAM,,,0,,42.710,0.993,-3.532,91.922,0.194,3,54,0.000,23Carp_17,big sioux,above,11,july,2022,field,200,10:25,16:40,06:15,5-Nov-22,118,26-Feb-23,114
SFA4H,BHC,VIC,,,0,,43.465,0.993,-3.540,91.654,0.096,3,54,0.000,23Carp_17,big sioux,above,11,july,2022,field,150,10:40,16:45,06:05,5-Nov-22,118,26-Feb-23,114
SFA4H,SVC,FAM,,,0,,42.710,0.993,-3.532,91.922,0.194,3,54,0.000,23Carp_17,big sioux,above,11,july,2022,field,150,10:40,16:45,06:05,5-Nov-22,118,26-Feb-23,114
SFA5H,BHC,VIC,,,0,,43.465,0.993,-3.540,91.654,0.096,3,54,0.000,23Carp_17,big sioux,above,11,july,2022,field,150,11:05,16:50,05:45,5-Nov-22,118,26-Feb-23,114
SFA5H,SVC,FAM,,,0,,42.710,0.993,-3.532,91.922,0.194,3,54,0.000,23Carp_17,big sioux,above,11,july,2022,field,150,11:05,16:50,05:45,5-Nov-22,118,26-Feb-23,114
SFA6H,BHC,VIC,,,0,,43.465,0.993,-3.540,91.654,0.096,3,54,0.000,23Carp_17,big sioux,above,11,july,2022,field,450,11:20,16:55,05:35,5-Nov-22,118,26-Feb-23,114
SFA6H,SVC,FAM,,,0,,42.710,0.993,-3.532,91.922,0.194,3,54,0.000,23Carp_17,big sioux,above,11,july,2022,field,450,11:20,16:55,05:35,5-Nov-22,118,26-Feb-23,114
SFA7H,BHC,VIC,,,0,,43.465,0.993,-3.540,91.654,0.096,3,54,0.000,23Carp_17,big sioux,above,11,july,2022,field,300,11:50,17:00,05:10,5-Nov-22,118,26-Feb-23,114
SFA7H,SVC,FAM,,,0,,42.710,0.993,-3.532,91.922,0.194,3,54,0.000,23Carp_17,big sioux,above,11,july,2022,field,300,11:50,17:00,05:10,5-Nov-22,118,26-Feb-23,114
SFA8H,BHC,VIC,,,0,,43.465,0.993,-3.540,91.654,0.096,3,54,0.000,23Carp_17,big sioux,above,11,july,2022,field,150,12:15,17:05,04:50,5-Nov-22,118,26-Feb-23,114
SFA8H,SVC,FAM,,,0,,42.710,0.993,-3.532,91.922,0.194,3,54,0.000,23Carp_17,big sioux,above,11,july,2022,field,150,12:15,17:05,04:50,5-Nov-22,118,26-Feb-23,114
ASW2I,BHC,VIC,,,0,,43.465,0.993,-3.540,91.654,0.094,3,54,0.000,23Carp_18,vermillion,above,18,august,2022,field,400,09:15,12:40,03:25,6-Nov-22,112,26-Feb-23,113
ASW2I,SVC,FAM,,,0,,42.710,0.993,-3.532,91.922,0.201,3,54,0.000,23Carp_18,vermillion,above,18,august,2022,field,400,09:15,12:40,03:25,6-Nov-22,112,26-Feb-23,113
ASW3I,BHC,VIC,,,0,,43.465,0.993,-3.540,91.654,0.094,3,54,0.000,23Carp_18,vermillion,above,18,august,2022,field,400,09:30,12:45,03:15,6-Nov-22,112,26-Feb-23,113
ASW3I,SVC,FAM,,,0,,42.710,0.993,-3.532,91.922,0.201,3,54,0.000,23Carp_18,vermillion,above,18,august,2022,field,400,09:30,12:45,03:15,6-Nov-22,112,26-Feb-23,113
ASW4I,BHC,VIC,,,0,,43.465,0.993,-3.540,91.654,0.094,3,54,0.000,23Carp_18,vermillion,above,18,august,2022,field,350,09:40,12:55,03:15,6-Nov-22,112,26-Feb-23,113
ASW4I,SVC,FAM,,,0,,42.710,0.993,-3.532,91.922,0.201,3,54,0.000,23Carp_18,vermillion,above,18,august,2022,field,350,09:40,12:55,03:15,6-Nov-22,112,26-Feb-23,113
ASW5I,BHC,VIC,,,0,,43.465,0.993,-3.540,91.654,0.094,3,54,0.000,23Carp_18,vermillion,above,18,august,2022,field,1200,09:45,13:00,03:15,6-Nov-22,112,26-Feb-23,113
ASW5I,SVC,FAM,,,0,,42.710,0.993,-3.532,91.922,0.201,3,54,0.000,23Carp_18,vermillion,above,18,august,2022,field,1200,09:45,13:00,03:15,6-Nov-22,112,26-Feb-23,113
ASW6I,BHC,VIC,,,0,,43.465,0.993,-3.540,91.654,0.094,3,54,0.000,23Carp_18,vermillion,above,18,august,2022,field,600,09:55,13:10,03:15,6-Nov-22,112,26-Feb-23,113
ASW6I,SVC,FAM,,,0,,42.710,0.993,-3.532,91.922,0.201,3,54,0.000,23Carp_18,vermillion,above,18,august,2022,field,600,09:55,13:10,03:15,6-Nov-22,112,26-Feb-23,113
ASW7I,BHC,VIC,,,0,,43.465,0.993,-3.540,91.654,0.094,3,54,0.000,23Carp_18,vermillion,above,18,august,2022,field,600,10:05,13:20,03:15,6-Nov-22,112,26-Feb-23,113
ASW7I,SVC,FAM,,,0,,42.710,0.993,-3.532,91.922,0.201,3,54,0.000,23Carp_18,vermillion,above,18,august,2022,field,600,10:05,13:20,03:15,6-Nov-22,112,26-Feb-23,113
ASW8I,BHC,VIC,,,0,,43.465,0.993,-3.540,91.654,0.094,3,54,0.000,23Carp_18,vermillion,above,18,august,2022,field,500,10:20,13:25,03:05,6-Nov-22,112,26-Feb-23,113
ASW8I,SVC,FAM,,,0,,42.710,0.993,-3.532,91.922,0.201,3,54,0.000,23Carp_18,vermillion,above,18,august,2022,field,500,10:20,13:25,03:05,6-Nov-22,112,26-Feb-23,113
ASW9I,BHC,VIC,,,0,,43.465,0.993,-3.540,91.654,0.094,3,54,0.000,23Carp_18,vermillion,above,18,august,2022,field,450,10:30,13:35,03:05,6-Nov-22,112,26-Feb-23,113
ASW9I,SVC,FAM,,,0,,42.710,0.993,-3.532,91.922,0.201,3,54,0.000,23Carp_18,vermillion,above,18,august,2022,field,450,10:30,18:53,08:23,6-Nov-22,112,26-Feb-23,113
SFA10G,BHC,VIC,,,0,,43.465,0.993,-3.540,91.654,0.084,3,54,0.000,23Carp_19,big sioux,above,26,may,2022,field,450,14:00,16:25,02:25,8-Aug-22,75,27-Feb-23,204
SFA10G,SVC,FAM,,,0,,42.710,0.993,-3.532,91.922,0.126,3,54,0.000,23Carp_19,big sioux,above,26,may,2022,field,450,14:00,16:25,02:25,8-Aug-22,75,27-Feb-23,204
SFA11G,BHC,VIC,,,0,,43.465,0.993,-3.540,91.654,0.084,3,54,0.000,23Carp_19,big sioux,above,26,may,2022,field,400,14:10,16:30,02:20,8-Aug-22,75,27-Feb-23,204
SFA11G,SVC,FAM,,,0,,42.710,0.993,-3.532,91.922,0.126,3,54,0.000,23Carp_19,big sioux,above,26,may,2022,field,400,14:10,16:30,02:20,8-Aug-22,75,27-Feb-23,204
SFA9G,BHC,VIC,,,0,,43.465,0.993,-3.540,91.654,0.084,3,54,0.000,23Carp_19,big sioux,above,26,may,2022,field,150,13:20,16:20,03:00,8-Aug-22,75,27-Feb-23,204
SFA9G,SVC,FAM,,,0,,42.710,0.993,-3.532,91.922,0.126,3,54,0.000,23Carp_19,big sioux,above,26,may,2022,field,150,13:20,16:20,03:00,8-Aug-22,75,27-Feb-23,204